[[[[[[[Manuela CAPELLO]]]]]]];ACOUSTICS (ACTIVE)
[[[[[[[Manuela CAPELLO]]]]]]];ACOUSTICS (PASSIVE)
[[[[[[[Manuela CAPELLO]]]]]]];AGGREGATION (SPATIAL)
[[[[[[[Manuela CAPELLO]]]]]]];ALGORITHMICS
[[[[[[[Manuela CAPELLO]]]]]]];ANIMAL COMMUNITY
[[[[[[[Manuela CAPELLO]]]]]]];ARTIFICIAL INTELLIGENCE
[[[[[[[Manuela CAPELLO]]]]]]];ARTIFICIAL NEURAL NETWORK
[[[[[[[Manuela CAPELLO]]]]]]];ARTISANAL FISHERY
[[[[[[[Manuela CAPELLO]]]]]]];ATLANTIC OCEAN (INTERTROPICAL)
[[[[[[[Manuela CAPELLO]]]]]]];BEHAVIOUR (FISH)
[[[[[[[Manuela CAPELLO]]]]]]];BEHAVIOUR (FISHERMEN)
[[[[[[[Manuela CAPELLO]]]]]]];BIODIVERSITY
[[[[[[[Manuela CAPELLO]]]]]]];BIODIVERSITY (ANTHROPOGENIC INFLUENCE)
[[[[[[[Manuela CAPELLO]]]]]]];BIODIVERSITY (CONSERVATION)
[[[[[[[Manuela CAPELLO]]]]]]];BIODIVERSITY (HOTSPOT)
[[[[[[[Manuela CAPELLO]]]]]]];BIODIVERSITY (MARINE)
[[[[[[[Manuela CAPELLO]]]]]]];BIOLOGY (COMPUTATIONAL)
[[[[[[[Manuela CAPELLO]]]]]]];BIOLOGY (MARINE)
[[[[[[[Manuela CAPELLO]]]]]]];BIOMASS (OCEAN)
[[[[[[[Manuela CAPELLO]]]]]]];BIOSTATISTICS
[[[[[[[Manuela CAPELLO]]]]]]];BYCATCH AND DISCARD (FISHERIES)
[[[[[[[Manuela CAPELLO]]]]]]];CAPACITY BUILDING
[[[[[[[Manuela CAPELLO]]]]]]];CATCHABILITY
[[[[[[[Manuela CAPELLO]]]]]]];CENTRAL EAST ATLANTIC OCEAN
[[[[[[[Manuela CAPELLO]]]]]]];CHLOROPHYLL
[[[[[[[Manuela CAPELLO]]]]]]];CLIMATE ADAPTATION
[[[[[[[Manuela CAPELLO]]]]]]];CLIMATE CHANGE IMPACTS
[[[[[[[Manuela CAPELLO]]]]]]];COLLECTIVE BEHAVIOUR
[[[[[[[Manuela CAPELLO]]]]]]];COMPLEX SYSTEM
[[[[[[[Manuela CAPELLO]]]]]]];COMPUTER SCIENCE
[[[[[[[Manuela CAPELLO]]]]]]];CONSERVATION BIOLOGY
[[[[[[[Manuela CAPELLO]]]]]]];DATA (ACOUSTICS)
[[[[[[[Manuela CAPELLO]]]]]]];DATA (ENVIRONMENTAL, SOCIO-ECOLOGICAL)
[[[[[[[Manuela CAPELLO]]]]]]];DATA (FISHERIES)
[[[[[[[Manuela CAPELLO]]]]]]];DATA (MULTISOURCE)
[[[[[[[Manuela CAPELLO]]]]]]];DATA (QUALITATIVE)
[[[[[[[Manuela CAPELLO]]]]]]];DATA (SATELLITE)
[[[[[[[Manuela CAPELLO]]]]]]];DATA ANALYSIS
[[[[[[[Manuela CAPELLO]]]]]]];DATA ASSIMILATION
[[[[[[[Manuela CAPELLO]]]]]]];DATA COLLECTION
[[[[[[[Manuela CAPELLO]]]]]]];DATA CURATION
[[[[[[[Manuela CAPELLO]]]]]]];DATA DISSEMINATION
[[[[[[[Manuela CAPELLO]]]]]]];DATA DRIVEN APPROACH
[[[[[[[Manuela CAPELLO]]]]]]];DATA HETEROGENEITY
[[[[[[[Manuela CAPELLO]]]]]]];DATA INTEGRATION
[[[[[[[Manuela CAPELLO]]]]]]];DATA INTEROPERABILITY
[[[[[[[Manuela CAPELLO]]]]]]];DATA MANAGEMENT
[[[[[[[Manuela CAPELLO]]]]]]];DATA MANAGEMENT PLAN
[[[[[[[Manuela CAPELLO]]]]]]];DATA MINING
[[[[[[[Manuela CAPELLO]]]]]]];DATA POOR CONTEXT
[[[[[[[Manuela CAPELLO]]]]]]];DATA PREPROCESSING
[[[[[[[Manuela CAPELLO]]]]]]];DATA PROCESSING
[[[[[[[Manuela CAPELLO]]]]]]];DATA QUALITY ASSESSMENT
[[[[[[[Manuela CAPELLO]]]]]]];DATA REANALYSIS
[[[[[[[Manuela CAPELLO]]]]]]];DATA SCIENCE
[[[[[[[Manuela CAPELLO]]]]]]];DATA SHARING
[[[[[[[Manuela CAPELLO]]]]]]];DECISION SUPPORT TOOL
[[[[[[[Manuela CAPELLO]]]]]]];DIFFERENTIAL EQUATION
[[[[[[[Manuela CAPELLO]]]]]]];DYNAMICAL SYSTEM
[[[[[[[Manuela CAPELLO]]]]]]];EAF (ECOSYSTEM APPROACH TO FISHERIES)
[[[[[[[Manuela CAPELLO]]]]]]];ECOLOGY (BEHAVIOURAL)
[[[[[[[Manuela CAPELLO]]]]]]];ECOLOGY (FISHERIES)
[[[[[[[Manuela CAPELLO]]]]]]];ECOLOGY (MARINE)
[[[[[[[Manuela CAPELLO]]]]]]];ECOLOGY (QUANTITATIVE)
[[[[[[[Manuela CAPELLO]]]]]]];ECOSYSTEM (AQUATIC)
[[[[[[[Manuela CAPELLO]]]]]]];ECOSYSTEM (MARINE)
[[[[[[[Manuela CAPELLO]]]]]]];ECOSYSTEM (TROPICAL PELAGIC)
[[[[[[[Manuela CAPELLO]]]]]]];ECOSYSTEM SERVICE
[[[[[[[Manuela CAPELLO]]]]]]];ELASMOBRANCHII (SHARKS AND RAYS)
[[[[[[[Manuela CAPELLO]]]]]]];ELECTRONIC TAGGING
[[[[[[[Manuela CAPELLO]]]]]]];ENDANGERED, THREATENED, PROTECTED SPECIES (ETP)
[[[[[[[Manuela CAPELLO]]]]]]];ENVIRONMENT (MARINE)
[[[[[[[Manuela CAPELLO]]]]]]];EXPERIMENTAL VALIDATION
[[[[[[[Manuela CAPELLO]]]]]]];EXPERTISE (SCIENTIFIC)
[[[[[[[Manuela CAPELLO]]]]]]];FAD (FISH AGGREGATING DEVICE)
[[[[[[[Manuela CAPELLO]]]]]]];FISHERIES ACOUSTICS
[[[[[[[Manuela CAPELLO]]]]]]];FISHERIES MANAGEMENT
[[[[[[[Manuela CAPELLO]]]]]]];FISHERIES RESOURCE
[[[[[[[Manuela CAPELLO]]]]]]];FISHERIES SCIENCE (FR: HALIEUTIQUE)
[[[[[[[Manuela CAPELLO]]]]]]];GLOBAL CHANGE IMPACT
[[[[[[[Manuela CAPELLO]]]]]]];HABITAT (MARINE)
[[[[[[[Manuela CAPELLO]]]]]]];IMPACT ASSESMENT (FISHERIES)
[[[[[[[Manuela CAPELLO]]]]]]];INDIAN OCEAN
[[[[[[[Manuela CAPELLO]]]]]]];INDICATOR (BIOLOGICAL)
[[[[[[[Manuela CAPELLO]]]]]]];INDICATOR (ENVIRONMENTAL)
[[[[[[[Manuela CAPELLO]]]]]]];INDICATOR (SOCIO-ENVIRONMENTAL)
[[[[[[[Manuela CAPELLO]]]]]]];INDONESIA
[[[[[[[Manuela CAPELLO]]]]]]];IVORY COAST
[[[[[[[Manuela CAPELLO]]]]]]];MACHINE - DEEP LEARNING
[[[[[[[Manuela CAPELLO]]]]]]];MALDIVES
[[[[[[[Manuela CAPELLO]]]]]]];MITIGATION MEASURE
[[[[[[[Manuela CAPELLO]]]]]]];MODEL (AGENT-BASED)
[[[[[[[Manuela CAPELLO]]]]]]];MODEL (INDIVIDUAL-BASED)
[[[[[[[Manuela CAPELLO]]]]]]];MODEL (MATHEMATICAL)
[[[[[[[Manuela CAPELLO]]]]]]];MODEL (NUMERICAL)
[[[[[[[Manuela CAPELLO]]]]]]];MODEL (OPERATIONAL)
[[[[[[[Manuela CAPELLO]]]]]]];MODEL (SPATIALLY EXPLICIT)
[[[[[[[Manuela CAPELLO]]]]]]];MODELLING
[[[[[[[Manuela CAPELLO]]]]]]];MODELLING (BEHAVIOUR)
[[[[[[[Manuela CAPELLO]]]]]]];MODELLING (COMPLEX SYSTEM)
[[[[[[[Manuela CAPELLO]]]]]]];MODELLING (ECOLOGICAL)
[[[[[[[Manuela CAPELLO]]]]]]];MODELLING (HABITAT, ECOLOGY)
[[[[[[[Manuela CAPELLO]]]]]]];MODELLING (STOCHASTIC PROCESSES)
[[[[[[[Manuela CAPELLO]]]]]]];MOZAMBIQUE CHANNEL
[[[[[[[Manuela CAPELLO]]]]]]];MULTI-AGENT SYSTEM
[[[[[[[Manuela CAPELLO]]]]]]];MULTI-SCALE (SPATIAL AND TEMPORAL)
[[[[[[[Manuela CAPELLO]]]]]]];NATURAL RESOURCE MANAGEMENT
[[[[[[[Manuela CAPELLO]]]]]]];NON LINEAR DYNAMICS
[[[[[[[Manuela CAPELLO]]]]]]];OBSERVERS PROGRAM (FISHERIES)
[[[[[[[Manuela CAPELLO]]]]]]];PELAGIC FISH
[[[[[[[Manuela CAPELLO]]]]]]];POPULATION DYNAMICS
[[[[[[[Manuela CAPELLO]]]]]]];PURSE SEINE FISHERY
[[[[[[[Manuela CAPELLO]]]]]]];QUANTUM MECHANICS
[[[[[[[Manuela CAPELLO]]]]]]];R PROGRAMMING
[[[[[[[Manuela CAPELLO]]]]]]];RANDOM DECISION FOREST
[[[[[[[Manuela CAPELLO]]]]]]];REMOTE SENSING
[[[[[[[Manuela CAPELLO]]]]]]];RFMO (REGIONAL FISHERIES MANAGEMENT ORGANISATION)
[[[[[[[Manuela CAPELLO]]]]]]];SDG 14 (SUST. DEVEL. GOAL - OCEANS)
[[[[[[[Manuela CAPELLO]]]]]]];SELECTIVITY (FISHING GEAR)
[[[[[[[Manuela CAPELLO]]]]]]];SIMULATION
[[[[[[[Manuela CAPELLO]]]]]]];SIMULATION (MONTE-CARLO)
[[[[[[[Manuela CAPELLO]]]]]]];SOUTH WESTERN INDIAN OCEAN
[[[[[[[Manuela CAPELLO]]]]]]];SOUTH-EAST ASIA
[[[[[[[Manuela CAPELLO]]]]]]];SPATIAL DYNAMICS
[[[[[[[Manuela CAPELLO]]]]]]];STATISTICAL MECHANICS
[[[[[[[Manuela CAPELLO]]]]]]];STOCK ASSESSMENT
[[[[[[[Manuela CAPELLO]]]]]]];SUSTAINABILITY (FISHERIES)
[[[[[[[Manuela CAPELLO]]]]]]];SUSTAINABILITY SCIENCE
[[[[[[[Manuela CAPELLO]]]]]]];SUSTAINABLE MANAGEMENT
[[[[[[[Manuela CAPELLO]]]]]]];TUNA FISHERIES
[[[[[[[Manuela CAPELLO]]]]]]];ULTRASONIC TELEMETRY
[[[[[[[Manuela CAPELLO]]]]]]];UMR MARBEC (MAR. BIODIV. EXPLOIT. CONSERV.)
[[[[[[[Manuela CAPELLO]]]]]]];VULNERABILITY
[[[[[[[Pascal BACH]]]]]]];ACOUSTICS (ACTIVE)
[[[[[[[Pascal BACH]]]]]]];ACOUSTICS (PASSIVE)
[[[[[[[Pascal BACH]]]]]]];ANIMAL COMMUNITY
[[[[[[[Pascal BACH]]]]]]];ARTISANAL FISHERY
[[[[[[[Pascal BACH]]]]]]];ATLANTIC OCEAN (INTERTROPICAL)
[[[[[[[Pascal BACH]]]]]]];BAIT (FISHING)
[[[[[[[Pascal BACH]]]]]]];BEHAVIOUR (FISH)
[[[[[[[Pascal BACH]]]]]]];BIOMETRICS
[[[[[[[Pascal BACH]]]]]]];BIOSTATISTICS
[[[[[[[Pascal BACH]]]]]]];BYCATCH AND DISCARD (FISHERIES)
[[[[[[[Pascal BACH]]]]]]];CATCHABILITY
[[[[[[[Pascal BACH]]]]]]];CENTRAL EAST ATLANTIC OCEAN
[[[[[[[Pascal BACH]]]]]]];CENTRAL SOUTH PACIFIC OCEAN
[[[[[[[Pascal BACH]]]]]]];CONSERVATION BIOLOGY
[[[[[[[Pascal BACH]]]]]]];DATA (FISHERIES)
[[[[[[[Pascal BACH]]]]]]];DATA COLLECTION
[[[[[[[Pascal BACH]]]]]]];DATA POOR CONTEXT
[[[[[[[Pascal BACH]]]]]]];DEPREDATION (FISH CATCH)
[[[[[[[Pascal BACH]]]]]]];DIEL MIGRATION (MAR. BIOL.)
[[[[[[[Pascal BACH]]]]]]];EAF (ECOSYSTEM APPROACH TO FISHERIES)
[[[[[[[Pascal BACH]]]]]]];ECOLOGICAL RISK ASSESSMENT (ERA)
[[[[[[[Pascal BACH]]]]]]];ECOLOGY (BEHAVIOURAL)
[[[[[[[Pascal BACH]]]]]]];ECOLOGY (FISHERIES)
[[[[[[[Pascal BACH]]]]]]];ECOLOGY (LAGOON)
[[[[[[[Pascal BACH]]]]]]];ECOLOGY (MARINE)
[[[[[[[Pascal BACH]]]]]]];ECOSYSTEM (COASTAL)
[[[[[[[Pascal BACH]]]]]]];ECOSYSTEM (TROPICAL PELAGIC)
[[[[[[[Pascal BACH]]]]]]];ELASMOBRANCHII (SHARKS AND RAYS)
[[[[[[[Pascal BACH]]]]]]];ELECTRONIC TAGGING
[[[[[[[Pascal BACH]]]]]]];ENDANGERED, THREATENED, PROTECTED SPECIES (ETP)
[[[[[[[Pascal BACH]]]]]]];ETANG DE THAU LAGOON (FRANCE)
[[[[[[[Pascal BACH]]]]]]];EXPERIMENTAL DEVICE
[[[[[[[Pascal BACH]]]]]]];FAD (FISH AGGREGATING DEVICE)
[[[[[[[Pascal BACH]]]]]]];FISHERIES ACOUSTICS
[[[[[[[Pascal BACH]]]]]]];FISHERIES MANAGEMENT
[[[[[[[Pascal BACH]]]]]]];FISHERIES RESOURCE
[[[[[[[Pascal BACH]]]]]]];FISHERIES SCIENCE (FR: HALIEUTIQUE)
[[[[[[[Pascal BACH]]]]]]];FISHING GEAR TECHNOLOGY
[[[[[[[Pascal BACH]]]]]]];FRENCH POLYNESIA
[[[[[[[Pascal BACH]]]]]]];HABITAT (FISH)
[[[[[[[Pascal BACH]]]]]]];IMPACT ASSESMENT (FISHERIES)
[[[[[[[Pascal BACH]]]]]]];INDIAN OCEAN
[[[[[[[Pascal BACH]]]]]]];INDICATOR (BIOLOGICAL)
[[[[[[[Pascal BACH]]]]]]];INDICATOR (ENVIRONMENTAL)
[[[[[[[Pascal BACH]]]]]]];LIFE HISTORY TRAIT
[[[[[[[Pascal BACH]]]]]]];MADAGASCAR
[[[[[[[Pascal BACH]]]]]]];MARINE MEGAFAUNA
[[[[[[[Pascal BACH]]]]]]];MAYOTTE
[[[[[[[Pascal BACH]]]]]]];MITIGATION MEASURE
[[[[[[[Pascal BACH]]]]]]];MODEL GAM (GENERAL ADDITIVE MODEL)
[[[[[[[Pascal BACH]]]]]]];MODEL GLM (GENERAL LINEARIZED MODEL)
[[[[[[[Pascal BACH]]]]]]];MODELLING
[[[[[[[Pascal BACH]]]]]]];MODELLING (INFERENTIAL)
[[[[[[[Pascal BACH]]]]]]];MODELLING (STATISTICAL)
[[[[[[[Pascal BACH]]]]]]];MONITORING (ENVIRONMENTAL)
[[[[[[[Pascal BACH]]]]]]];MONITORING (STATISTICAL)
[[[[[[[Pascal BACH]]]]]]];MOZAMBIQUE CHANNEL
[[[[[[[Pascal BACH]]]]]]];OBSERVATORY
[[[[[[[Pascal BACH]]]]]]];OBSERVERS PROGRAM (FISHERIES)
[[[[[[[Pascal BACH]]]]]]];ODONTOCETI (TOOTHED WHALES)
[[[[[[[Pascal BACH]]]]]]];PATENT FILING
[[[[[[[Pascal BACH]]]]]]];PELAGIC FISH
[[[[[[[Pascal BACH]]]]]]];PELAGIC LONG LINE FISHERY
[[[[[[[Pascal BACH]]]]]]];RESEARCH CRUISE
[[[[[[[Pascal BACH]]]]]]];RFMO (REGIONAL FISHERIES MANAGEMENT ORGANISATION)
[[[[[[[Pascal BACH]]]]]]];RISK ASSESSMENT
[[[[[[[Pascal BACH]]]]]]];SCIENTIFIC EXPERTISE
[[[[[[[Pascal BACH]]]]]]];SCLEROCHRONOLOGY (FISH AGEING)
[[[[[[[Pascal BACH]]]]]]];SDG 02 (SUST. DEVEL. GOAL - ALIMENTATION)
[[[[[[[Pascal BACH]]]]]]];SDG 04 (SUST. DEVEL. GOAL - EDUCATION)
[[[[[[[Pascal BACH]]]]]]];SDG 14 (SUST. DEVEL. GOAL - OCEANS)
[[[[[[[Pascal BACH]]]]]]];SEAMOUNT
[[[[[[[Pascal BACH]]]]]]];SELECTIVITY (FISHING GEAR)
[[[[[[[Pascal BACH]]]]]]];SEYCHELLES
[[[[[[[Pascal BACH]]]]]]];SOUTH WESTERN INDIAN OCEAN
[[[[[[[Pascal BACH]]]]]]];THE REUNION ISLAND
[[[[[[[Pascal BACH]]]]]]];TRAINING (FR: FORMATION)
[[[[[[[Pascal BACH]]]]]]];TUNA FISHERIES
[[[[[[[Pascal BACH]]]]]]];ULTRASONIC TELEMETRY
[[[[[[[Pascal BACH]]]]]]];UMR MARBEC (MAR. BIODIV. EXPLOIT. CONSERV.)
[[[[[[[Pascal BACH]]]]]]];VULNERABILITY
[[[[[[[Nicolas BEZ]]]]]]];ACOUSTICS (ACTIVE)
[[[[[[[Nicolas BEZ]]]]]]];AGGREGATION (SPATIAL)
[[[[[[[Nicolas BEZ]]]]]]];ANIMAL COMMUNITY
[[[[[[[Nicolas BEZ]]]]]]];ATLANTIC OCEAN
[[[[[[[Nicolas BEZ]]]]]]];BEHAVIOUR (FISHERMEN)
[[[[[[[Nicolas BEZ]]]]]]];BIODIVERSITY
[[[[[[[Nicolas BEZ]]]]]]];BIOGEOGRAPHY
[[[[[[[Nicolas BEZ]]]]]]];BIOSTATISTICS
[[[[[[[Nicolas BEZ]]]]]]];CARTOGRAPHY AND MAPPING
[[[[[[[Nicolas BEZ]]]]]]];CLASSIFICATION - TYPOLOGY
[[[[[[[Nicolas BEZ]]]]]]];COLLECTIVE BEHAVIOUR
[[[[[[[Nicolas BEZ]]]]]]];DATA (ACOUSTICS)
[[[[[[[Nicolas BEZ]]]]]]];DATA (FISHERIES)
[[[[[[[Nicolas BEZ]]]]]]];DATA (GEOREFERENCED)
[[[[[[[Nicolas BEZ]]]]]]];DATA (QUALITATIVE)
[[[[[[[Nicolas BEZ]]]]]]];DATA ANALYSIS
[[[[[[[Nicolas BEZ]]]]]]];DATA DRIVEN APPROACH
[[[[[[[Nicolas BEZ]]]]]]];DEMERSAL FISH SPECIES
[[[[[[[Nicolas BEZ]]]]]]];DISCRETIZATION
[[[[[[[Nicolas BEZ]]]]]]];EAF (ECOSYSTEM APPROACH TO FISHERIES)
[[[[[[[Nicolas BEZ]]]]]]];ECHO-INTEGRATION
[[[[[[[Nicolas BEZ]]]]]]];ECOLOGY (BEHAVIOURAL)
[[[[[[[Nicolas BEZ]]]]]]];ECOLOGY (FISHERIES)
[[[[[[[Nicolas BEZ]]]]]]];ECOLOGY (MARINE)
[[[[[[[Nicolas BEZ]]]]]]];ECOLOGY (NICHE)
[[[[[[[Nicolas BEZ]]]]]]];ECOLOGY (QUANTITATIVE)
[[[[[[[Nicolas BEZ]]]]]]];ECOSYSTEM (AQUATIC)
[[[[[[[Nicolas BEZ]]]]]]];ECOSYSTEM (MARINE)
[[[[[[[Nicolas BEZ]]]]]]];ECOSYSTEM (TROPICAL PELAGIC)
[[[[[[[Nicolas BEZ]]]]]]];ECOSYSTEM DYNAMICS
[[[[[[[Nicolas BEZ]]]]]]];ECOSYSTEM PROCESSES
[[[[[[[Nicolas BEZ]]]]]]];EXPERTISE (SCIENTIFIC)
[[[[[[[Nicolas BEZ]]]]]]];FISHERIES ACOUSTICS
[[[[[[[Nicolas BEZ]]]]]]];FISHERIES MANAGEMENT
[[[[[[[Nicolas BEZ]]]]]]];FISHERIES RESOURCE
[[[[[[[Nicolas BEZ]]]]]]];FISHERIES SCIENCE (FR: HALIEUTIQUE)
[[[[[[[Nicolas BEZ]]]]]]];FISHING STRATEGY ANALYSIS
[[[[[[[Nicolas BEZ]]]]]]];FORAGE TRACKING
[[[[[[[Nicolas BEZ]]]]]]];GEOSTATISTICS
[[[[[[[Nicolas BEZ]]]]]]];GLOBAL OCEAN
[[[[[[[Nicolas BEZ]]]]]]];GRAPH THEORY
[[[[[[[Nicolas BEZ]]]]]]];INDIAN OCEAN
[[[[[[[Nicolas BEZ]]]]]]];INDICATOR (BIOLOGICAL)
[[[[[[[Nicolas BEZ]]]]]]];INDICATOR (DASHBOARD)
[[[[[[[Nicolas BEZ]]]]]]];INTERPOLATION
[[[[[[[Nicolas BEZ]]]]]]];INVERSE PROBLEM
[[[[[[[Nicolas BEZ]]]]]]];MATHEMATICS
[[[[[[[Nicolas BEZ]]]]]]];MEDITERRANEAN SEA
[[[[[[[Nicolas BEZ]]]]]]];MODEL (MATHEMATICAL)
[[[[[[[Nicolas BEZ]]]]]]];MODEL (SPATIALLY EXPLICIT)
[[[[[[[Nicolas BEZ]]]]]]];MODELLING
[[[[[[[Nicolas BEZ]]]]]]];MODELLING (BAYESIAN)
[[[[[[[Nicolas BEZ]]]]]]];MODELLING (HABITAT, ECOLOGY)
[[[[[[[Nicolas BEZ]]]]]]];MODELLING (INFERENTIAL)
[[[[[[[Nicolas BEZ]]]]]]];MODELLING (PREDICTIVE)
[[[[[[[Nicolas BEZ]]]]]]];MODELLING (STATISTICAL)
[[[[[[[Nicolas BEZ]]]]]]];MODELLING (STOCHASTIC PROCESSES)
[[[[[[[Nicolas BEZ]]]]]]];MULTI-SCALE (SPATIAL AND TEMPORAL)
[[[[[[[Nicolas BEZ]]]]]]];MULTI-SCALE (SPATIAL)
[[[[[[[Nicolas BEZ]]]]]]];MULTIDISCIPLINARY
[[[[[[[Nicolas BEZ]]]]]]];MULTIVARIATE DATA ANALYSIS (MVA)
[[[[[[[Nicolas BEZ]]]]]]];NONPARAMETRIC STATISTICS
[[[[[[[Nicolas BEZ]]]]]]];PELAGIC FISH
[[[[[[[Nicolas BEZ]]]]]]];POPULATION DYNAMICS
[[[[[[[Nicolas BEZ]]]]]]];PROBABILITY DISTRIBUTION
[[[[[[[Nicolas BEZ]]]]]]];PROBABILITY THEORY
[[[[[[[Nicolas BEZ]]]]]]];R PROGRAMMING
[[[[[[[Nicolas BEZ]]]]]]];REMOTE SENSING
[[[[[[[Nicolas BEZ]]]]]]];RENEWABLE RESOURCE
[[[[[[[Nicolas BEZ]]]]]]];RISK ASSESSMENT
[[[[[[[Nicolas BEZ]]]]]]];SDG 02 (SUST. DEVEL. GOAL - ALIMENTATION)
[[[[[[[Nicolas BEZ]]]]]]];SDG 14 (SUST. DEVEL. GOAL - OCEANS)
[[[[[[[Nicolas BEZ]]]]]]];SFDS (FRENCH SOC. STATISTICS)
[[[[[[[Nicolas BEZ]]]]]]];SIMULATION
[[[[[[[Nicolas BEZ]]]]]]];SIMULATION (MONTE-CARLO)
[[[[[[[Nicolas BEZ]]]]]]];SPATIAL ANALYSIS
[[[[[[[Nicolas BEZ]]]]]]];SPATIAL DYNAMICS
[[[[[[[Nicolas BEZ]]]]]]];STATISTICS
[[[[[[[Nicolas BEZ]]]]]]];STATISTICS (SPATIAL)
[[[[[[[Nicolas BEZ]]]]]]];STOCK ASSESSMENT
[[[[[[[Nicolas BEZ]]]]]]];TIME SERIES
[[[[[[[Nicolas BEZ]]]]]]];TRAINING (FR: FORMATION)
[[[[[[[Nicolas BEZ]]]]]]];TUNA FISHERIES
[[[[[[[Nicolas BEZ]]]]]]];UMR MARBEC (MAR. BIODIV. EXPLOIT. CONSERV.)
[[[[[[[Didier JOUFFRE]]]]]]];ANIMAL COMMUNITY
[[[[[[[Didier JOUFFRE]]]]]]];ARTISANAL FISHERY
[[[[[[[Didier JOUFFRE]]]]]]];ATLANTIC OCEAN
[[[[[[[Didier JOUFFRE]]]]]]];ATLANTIC OCEAN (INTERTROPICAL)
[[[[[[[Didier JOUFFRE]]]]]]];BIODIVERSITY
[[[[[[[Didier JOUFFRE]]]]]]];BIODIVERSITY (CONSERVATION)
[[[[[[[Didier JOUFFRE]]]]]]];BIODIVERSITY (FUNCTIONAL)
[[[[[[[Didier JOUFFRE]]]]]]];BIODIVERSITY (MARINE)
[[[[[[[Didier JOUFFRE]]]]]]];BIOLOGY (MARINE)
[[[[[[[Didier JOUFFRE]]]]]]];BIOMASS (OCEAN)
[[[[[[[Didier JOUFFRE]]]]]]];BISSAU GUINEA
[[[[[[[Didier JOUFFRE]]]]]]];CAPACITY BUILDING
[[[[[[[Didier JOUFFRE]]]]]]];CATCHABILITY
[[[[[[[Didier JOUFFRE]]]]]]];CENTRAL EAST ATLANTIC OCEAN
[[[[[[[Didier JOUFFRE]]]]]]];CONSERVATION BIOLOGY
[[[[[[[Didier JOUFFRE]]]]]]];DATA (ENVIRONMENTAL, SOCIO-ECOLOGICAL)
[[[[[[[Didier JOUFFRE]]]]]]];DATA (FISHERIES)
[[[[[[[Didier JOUFFRE]]]]]]];DATA ANALYSIS
[[[[[[[Didier JOUFFRE]]]]]]];DATA POOR CONTEXT
[[[[[[[Didier JOUFFRE]]]]]]];DEMERSAL FISH SPECIES
[[[[[[[Didier JOUFFRE]]]]]]];EAF (ECOSYSTEM APPROACH TO FISHERIES)
[[[[[[[Didier JOUFFRE]]]]]]];ECOLOGY (FISHERIES)
[[[[[[[Didier JOUFFRE]]]]]]];ECOLOGY (LAGOON)
[[[[[[[Didier JOUFFRE]]]]]]];ECOLOGY (MARINE)
[[[[[[[Didier JOUFFRE]]]]]]];ECOLOGY (QUANTITATIVE)
[[[[[[[Didier JOUFFRE]]]]]]];ECOSYSTEM (AQUATIC)
[[[[[[[Didier JOUFFRE]]]]]]];ECOSYSTEM (COASTAL)
[[[[[[[Didier JOUFFRE]]]]]]];ECOSYSTEM (LAGOON OR REEF)
[[[[[[[Didier JOUFFRE]]]]]]];ECOSYSTEM (MARINE)
[[[[[[[Didier JOUFFRE]]]]]]];ECOSYSTEM DYNAMICS
[[[[[[[Didier JOUFFRE]]]]]]];ELECTRONIC TAGGING
[[[[[[[Didier JOUFFRE]]]]]]];ENVIRONMENT
[[[[[[[Didier JOUFFRE]]]]]]];ENVIRONMENT (MARINE)
[[[[[[[Didier JOUFFRE]]]]]]];ETANG DE THAU LAGOON (FRANCE)
[[[[[[[Didier JOUFFRE]]]]]]];EXPERTISE (SCIENTIFIC)
[[[[[[[Didier JOUFFRE]]]]]]];FISHERIES MANAGEMENT
[[[[[[[Didier JOUFFRE]]]]]]];FISHERIES RESOURCE
[[[[[[[Didier JOUFFRE]]]]]]];FISHERIES SCIENCE (FR: HALIEUTIQUE)
[[[[[[[Didier JOUFFRE]]]]]]];FISHES
[[[[[[[Didier JOUFFRE]]]]]]];FORECASTING
[[[[[[[Didier JOUFFRE]]]]]]];GHANA
[[[[[[[Didier JOUFFRE]]]]]]];GLOBAL CHANGE IMPACT
[[[[[[[Didier JOUFFRE]]]]]]];GOVERNANCE
[[[[[[[Didier JOUFFRE]]]]]]];GROWTH EQUATION
[[[[[[[Didier JOUFFRE]]]]]]];GUINEA REP.
[[[[[[[Didier JOUFFRE]]]]]]];INDICATOR (BIOLOGICAL)
[[[[[[[Didier JOUFFRE]]]]]]];INDICATOR (DASHBOARD)
[[[[[[[Didier JOUFFRE]]]]]]];INDICATOR (ENVIRONMENTAL)
[[[[[[[Didier JOUFFRE]]]]]]];INFORMATION SYSTEM
[[[[[[[Didier JOUFFRE]]]]]]];LAGOON
[[[[[[[Didier JOUFFRE]]]]]]];LIFE HISTORY TRAIT
[[[[[[[Didier JOUFFRE]]]]]]];MARINE PROTECTED AREA (MPA)
[[[[[[[Didier JOUFFRE]]]]]]];MAURITANIA ISLAMIC REP.
[[[[[[[Didier JOUFFRE]]]]]]];MODEL (MATHEMATICAL)
[[[[[[[Didier JOUFFRE]]]]]]];MODEL (NUMERICAL)
[[[[[[[Didier JOUFFRE]]]]]]];MODELLING
[[[[[[[Didier JOUFFRE]]]]]]];MODELLING (MATHEMATICAL)
[[[[[[[Didier JOUFFRE]]]]]]];MODELLING (PREDICTIVE)
[[[[[[[Didier JOUFFRE]]]]]]];MONITORING (ENVIRONMENTAL)
[[[[[[[Didier JOUFFRE]]]]]]];MULTIVARIATE DATA ANALYSIS (MVA)
[[[[[[[Didier JOUFFRE]]]]]]];OBSERVATORY
[[[[[[[Didier JOUFFRE]]]]]]];OCEANOGRAPHY (BIOLOGICAL)
[[[[[[[Didier JOUFFRE]]]]]]];OCTOPUS_VULGARIS
[[[[[[[Didier JOUFFRE]]]]]]];PLANKTON
[[[[[[[Didier JOUFFRE]]]]]]];PLANKTON (ZOO)
[[[[[[[Didier JOUFFRE]]]]]]];POPULATION DYNAMICS
[[[[[[[Didier JOUFFRE]]]]]]];RENEWABLE RESOURCE
[[[[[[[Didier JOUFFRE]]]]]]];RESEARCH CRUISE
[[[[[[[Didier JOUFFRE]]]]]]];SDG 14 (SUST. DEVEL. GOAL - OCEANS)
[[[[[[[Didier JOUFFRE]]]]]]];SENEGAL
[[[[[[[Didier JOUFFRE]]]]]]];SHRIMP
[[[[[[[Didier JOUFFRE]]]]]]];SPATIAL ANALYSIS
[[[[[[[Didier JOUFFRE]]]]]]];STOCK ASSESSMENT
[[[[[[[Didier JOUFFRE]]]]]]];SUSTAINABILITY (FISHERIES)
[[[[[[[Didier JOUFFRE]]]]]]];UMR MARBEC (MAR. BIODIV. EXPLOIT. CONSERV.)
[[[[[[[Didier JOUFFRE]]]]]]];UPWELLING
[[[[[[[Didier JOUFFRE]]]]]]];VIRTUAL POPULATION ANALYSIS (VPA)
[[[[[[[Didier JOUFFRE]]]]]]];WEST AFRICA
[[[[[[[Régis HOCDE]]]]]]];ANIMAL COMMUNITY
[[[[[[[Régis HOCDE]]]]]]];BIODIVERSITY
[[[[[[[Régis HOCDE]]]]]]];BIODIVERSITY (HOTSPOT)
[[[[[[[Régis HOCDE]]]]]]];BIODIVERSITY (ISLAND)
[[[[[[[Régis HOCDE]]]]]]];BIODIVERSITY (MARINE)
[[[[[[[Régis HOCDE]]]]]]];BIOLOGY (MARINE)
[[[[[[[Régis HOCDE]]]]]]];COLOMBIA
[[[[[[[Régis HOCDE]]]]]]];COMPUTER SCIENCE
[[[[[[[Régis HOCDE]]]]]]];CONSERVATION BIOLOGY
[[[[[[[Régis HOCDE]]]]]]];CORAL TRIANGLE (MARINE AREA)
[[[[[[[Régis HOCDE]]]]]]];DATA (GENETICS)
[[[[[[[Régis HOCDE]]]]]]];DATA ANALYSIS
[[[[[[[Régis HOCDE]]]]]]];DATA COLLECTION
[[[[[[[Régis HOCDE]]]]]]];DATA COMMUNICATION NETWORK
[[[[[[[Régis HOCDE]]]]]]];DATA DISSEMINATION
[[[[[[[Régis HOCDE]]]]]]];DATA INFRASTRUCTURE
[[[[[[[Régis HOCDE]]]]]]];DATA INTEROPERABILITY
[[[[[[[Régis HOCDE]]]]]]];DATA MANAGEMENT
[[[[[[[Régis HOCDE]]]]]]];DATA PROCESSING
[[[[[[[Régis HOCDE]]]]]]];DATA SHARING
[[[[[[[Régis HOCDE]]]]]]];DATABASE ENGINEERING
[[[[[[[Régis HOCDE]]]]]]];ECOLOGY (MARINE)
[[[[[[[Régis HOCDE]]]]]]];ECOSYSTEM (AQUATIC)
[[[[[[[Régis HOCDE]]]]]]];ECOSYSTEM (LAGOON/REEF)
[[[[[[[Régis HOCDE]]]]]]];ECOSYSTEM (MARINE)
[[[[[[[Régis HOCDE]]]]]]];EDUCATION
[[[[[[[Régis HOCDE]]]]]]];PEDAGOGY
[[[[[[[Régis HOCDE]]]]]]];ENVIRONMENT
[[[[[[[Régis HOCDE]]]]]]];ENVIRONMENT (ISLAND)
[[[[[[[Régis HOCDE]]]]]]];ENVIRONMENTAL DNA
[[[[[[[Régis HOCDE]]]]]]];ESTUARY
[[[[[[[Régis HOCDE]]]]]]];EXPERTISE (ENGINEERING)
[[[[[[[Régis HOCDE]]]]]]];FAIR (FIND, ACCESS, INTEROPERATE, REUSE) DATA
[[[[[[[Régis HOCDE]]]]]]];FISHES
[[[[[[[Régis HOCDE]]]]]]];GEOMATICS
[[[[[[[Régis HOCDE]]]]]]];INDONESIA
[[[[[[[Régis HOCDE]]]]]]];INFORMATION PROCESSING
[[[[[[[Régis HOCDE]]]]]]];INFORMATION SYSTEM
[[[[[[[Régis HOCDE]]]]]]];INFORMATION TECHNOLOGY (IT)
[[[[[[[Régis HOCDE]]]]]]];INTEROPERABILITY
[[[[[[[Régis HOCDE]]]]]]];IT SYSTEM MANAGEMENT
[[[[[[[Régis HOCDE]]]]]]];IT SYSTEMS (DECENTRALIZED)
[[[[[[[Régis HOCDE]]]]]]];IT SYSTEMS ARCHITECTURE
[[[[[[[Régis HOCDE]]]]]]];LENGGURU (INDONESIA)
[[[[[[[Régis HOCDE]]]]]]];MACHINE
[[[[[[[Régis HOCDE]]]]]]];DEEP LEARNING
[[[[[[[Régis HOCDE]]]]]]];MARINE MEGAFAUNA
[[[[[[[Régis HOCDE]]]]]]];MARINE PROTECTED AREA (MPA)
[[[[[[[Régis HOCDE]]]]]]];MESOPHOTIC
[[[[[[[Régis HOCDE]]]]]]];TWILIGHT ZONE (OCEANOGR.)
[[[[[[[Régis HOCDE]]]]]]];METADATA
[[[[[[[Régis HOCDE]]]]]]];MONITORING (ENVIRONMENTAL)
[[[[[[[Régis HOCDE]]]]]]];MULTI-SENSOR APPROACH
[[[[[[[Régis HOCDE]]]]]]];MULTIDISCIPLINARY
[[[[[[[Régis HOCDE]]]]]]];NEW GUINEA (INDONESIA)
[[[[[[[Régis HOCDE]]]]]]];OBSERVATORY
[[[[[[[Régis HOCDE]]]]]]];OCEANOGRAPHY (BIOLOGICAL)
[[[[[[[Régis HOCDE]]]]]]];OPEN DATA
[[[[[[[Régis HOCDE]]]]]]];OPEN SCIENCE
[[[[[[[Régis HOCDE]]]]]]];OPEN SOURCE
[[[[[[[Régis HOCDE]]]]]]];OPERATIONAL RESEARCH
[[[[[[[Régis HOCDE]]]]]]];REMOTE SENSING
[[[[[[[Régis HOCDE]]]]]]];RESEARCH CRUISE
[[[[[[[Régis HOCDE]]]]]]];RESEARCH INFRASTRUCTURE
[[[[[[[Régis HOCDE]]]]]]];SCIENTIFIC DIVING
[[[[[[[Régis HOCDE]]]]]]];SDG 04 (SUST. DEVEL. GOAL - EDUCATION)
[[[[[[[Régis HOCDE]]]]]]];SDG 14 (SUST. DEVEL. GOAL - OCEANS)
[[[[[[[Régis HOCDE]]]]]]];SEAMOUNT
[[[[[[[Régis HOCDE]]]]]]];SENSOR OBSERVATION SERVICE
[[[[[[[Régis HOCDE]]]]]]];SOUTH PACIFIC ISLANDS
[[[[[[[Régis HOCDE]]]]]]];SOUTH WESTERN TROPICAL PACIFIC OCEAN
[[[[[[[Régis HOCDE]]]]]]];TRAINING (FR: FORMATION)
[[[[[[[Régis HOCDE]]]]]]];UMR MARBEC (MAR. BIODIV. EXPLOIT. CONSERV.)
[[[[[[[Régis HOCDE]]]]]]];WEB SERVICES
[[[[[[[Nicolas BARRIER]]]]]]];APECOSM (APEX PREDATORS ECOSYSTEM MODEL)
[[[[[[[Nicolas BARRIER]]]]]]];ATLANTIC OCEAN
[[[[[[[Nicolas BARRIER]]]]]]];ATMOSPHERE
[[[[[[[Nicolas BARRIER]]]]]]];BIODIVERSITY (MARINE)
[[[[[[[Nicolas BARRIER]]]]]]];BIOLOGY (MARINE)
[[[[[[[Nicolas BARRIER]]]]]]];BIOMASS (OCEAN)
[[[[[[[Nicolas BARRIER]]]]]]];CLIMATE CHANGE IMPACTS
[[[[[[[Nicolas BARRIER]]]]]]];CLIMATOLOGY (HYDRO)
[[[[[[[Nicolas BARRIER]]]]]]];COMPUTER SCIENCE
[[[[[[[Nicolas BARRIER]]]]]]];CURRENTOLOGY
[[[[[[[Nicolas BARRIER]]]]]]];DEVELOPMENT (SOFTWARE ARCHITECTURE)
[[[[[[[Nicolas BARRIER]]]]]]];DEVELOPMENT (SOFTWARE)
[[[[[[[Nicolas BARRIER]]]]]]];DISCRETIZATION
[[[[[[[Nicolas BARRIER]]]]]]];DISPERSAL (LARVAL)
[[[[[[[Nicolas BARRIER]]]]]]];ECOLOGY (FISHERIES)
[[[[[[[Nicolas BARRIER]]]]]]];ECOLOGY (MARINE)
[[[[[[[Nicolas BARRIER]]]]]]];ECOSYSTEM (MARINE)
[[[[[[[Nicolas BARRIER]]]]]]];ECOSYSTEM (TROPICAL PELAGIC)
[[[[[[[Nicolas BARRIER]]]]]]];ECOSYSTEM DYNAMICS
[[[[[[[Nicolas BARRIER]]]]]]];ECOSYSTEM PROCESSES
[[[[[[[Nicolas BARRIER]]]]]]];FISHERIES RESOURCE
[[[[[[[Nicolas BARRIER]]]]]]];FISHERIES SCIENCE (FR: HALIEUTIQUE)
[[[[[[[Nicolas BARRIER]]]]]]];FISHES
[[[[[[[Nicolas BARRIER]]]]]]];GLOBAL OCEAN
[[[[[[[Nicolas BARRIER]]]]]]];HIGH PERFORMANCE COMPUTING
[[[[[[[Nicolas BARRIER]]]]]]];HYDROGRAPHY
[[[[[[[Nicolas BARRIER]]]]]]];ICHTHYOP (SOFTWARE)
[[[[[[[Nicolas BARRIER]]]]]]];INDICATOR (ENVIRONMENTAL)
[[[[[[[Nicolas BARRIER]]]]]]];INFORMATION TECHNOLOGY (IT)
[[[[[[[Nicolas BARRIER]]]]]]];INTERPOLATION
[[[[[[[Nicolas BARRIER]]]]]]];LAGRANGIAN MECHANICS
[[[[[[[Nicolas BARRIER]]]]]]];MATHEMATICS
[[[[[[[Nicolas BARRIER]]]]]]];MATLAB (SOFTWARE)
[[[[[[[Nicolas BARRIER]]]]]]];MEDITERRANEAN SEA
[[[[[[[Nicolas BARRIER]]]]]]];METEOROLOGY (HYDRO)
[[[[[[[Nicolas BARRIER]]]]]]];MODEL (AGENT-BASED)
[[[[[[[Nicolas BARRIER]]]]]]];MODEL (BIO-PHYSICAL)
[[[[[[[Nicolas BARRIER]]]]]]];MODEL (BIOENERGETICS)
[[[[[[[Nicolas BARRIER]]]]]]];MODEL (BIOGEOCHEMICAL)
[[[[[[[Nicolas BARRIER]]]]]]];MODEL (END-TO-END)
[[[[[[[Nicolas BARRIER]]]]]]];MODEL (INDIVIDUAL-BASED)
[[[[[[[Nicolas BARRIER]]]]]]];MODEL (LAND VEGETATION)
[[[[[[[Nicolas BARRIER]]]]]]];MODEL (NUMERICAL)
[[[[[[[Nicolas BARRIER]]]]]]];MODEL (PREDATOR-PREY)
[[[[[[[Nicolas BARRIER]]]]]]];MODEL COUPLING
[[[[[[[Nicolas BARRIER]]]]]]];MODEL DEB (DYNAMIC ENERGY BUDGET)
[[[[[[[Nicolas BARRIER]]]]]]];MODELLING
[[[[[[[Nicolas BARRIER]]]]]]];MODELLING (CALIBRATION)
[[[[[[[Nicolas BARRIER]]]]]]];MODELLING (ECOLOGICAL)
[[[[[[[Nicolas BARRIER]]]]]]];MODELLING (INTEGRATED)
[[[[[[[Nicolas BARRIER]]]]]]];MODELLING (INTERDISCIPLINARY)
[[[[[[[Nicolas BARRIER]]]]]]];MODELLING (MULTI-SCALE)
[[[[[[[Nicolas BARRIER]]]]]]];NATURAL RESOURCE MANAGEMENT
[[[[[[[Nicolas BARRIER]]]]]]];NORTH ATLANTIC OCEAN
[[[[[[[Nicolas BARRIER]]]]]]];OCEAN CIRCULATION
[[[[[[[Nicolas BARRIER]]]]]]];OCEANOGRAPHY
[[[[[[[Nicolas BARRIER]]]]]]];OCEANOGRAPHY (BIOLOGICAL)
[[[[[[[Nicolas BARRIER]]]]]]];OCEANOGRAPHY (PHYSICAL)
[[[[[[[Nicolas BARRIER]]]]]]];OSMOSE (MODEL)
[[[[[[[Nicolas BARRIER]]]]]]];PARALLEL AND DISTRIBUTED COMPUTING
[[[[[[[Nicolas BARRIER]]]]]]];PLANKTON
[[[[[[[Nicolas BARRIER]]]]]]];PLANKTON (ICHTYO)
[[[[[[[Nicolas BARRIER]]]]]]];PLANKTON (PHYTO)
[[[[[[[Nicolas BARRIER]]]]]]];PLANKTON (ZOO)
[[[[[[[Nicolas BARRIER]]]]]]];PROGRAM OPTIMIZATION
[[[[[[[Nicolas BARRIER]]]]]]];PYTHON (PROGRAMMING LANGUAGE)
[[[[[[[Nicolas BARRIER]]]]]]];R (PROGRAMMING LANGUAGE)
[[[[[[[Nicolas BARRIER]]]]]]];SDG 13 (SUST. DEVEL. GOAL - CLIMATE)
[[[[[[[Nicolas BARRIER]]]]]]];SDG 14 (SUST. DEVEL. GOAL - OCEANS)
[[[[[[[Nicolas BARRIER]]]]]]];SEAMOUNT
[[[[[[[Nicolas BARRIER]]]]]]];SIMULATION
[[[[[[[Nicolas BARRIER]]]]]]];TRAINING (FR: FORMATION)
[[[[[[[Nicolas BARRIER]]]]]]];UMR MARBEC (MAR. BIODIV. EXPLOIT. CONSERV.)
[[[[[[[Daniel GAERTNER]]]]]]];ARTIFICIAL NEURAL NETWORK
[[[[[[[Daniel GAERTNER]]]]]]];ATLANTIC OCEAN
[[[[[[[Daniel GAERTNER]]]]]]];BEHAVIOUR (FISHERMEN)
[[[[[[[Daniel GAERTNER]]]]]]];BIODIVERSITY (CONSERVATION)
[[[[[[[Daniel GAERTNER]]]]]]];BIODIVERSITY (HOTSPOT)
[[[[[[[Daniel GAERTNER]]]]]]];BIODIVERSITY (MARINE)
[[[[[[[Daniel GAERTNER]]]]]]];BIOLOGY (MARINE)
[[[[[[[Daniel GAERTNER]]]]]]];BIOSTATISTICS
[[[[[[[Daniel GAERTNER]]]]]]];BROWNIE TAG RETURN MODEL
[[[[[[[Daniel GAERTNER]]]]]]];CAPACITY BUILDING
[[[[[[[Daniel GAERTNER]]]]]]];CATCHABILITY
[[[[[[[Daniel GAERTNER]]]]]]];DATA COLLECTION
[[[[[[[Daniel GAERTNER]]]]]]];DATA PROCESSING
[[[[[[[Daniel GAERTNER]]]]]]];EAF (ECOSYSTEM APPROACH TO FISHERIES)
[[[[[[[Daniel GAERTNER]]]]]]];ECOLOGY (FISHERIES)
[[[[[[[Daniel GAERTNER]]]]]]];ECOLOGY (QUANTITATIVE)
[[[[[[[Daniel GAERTNER]]]]]]];ECOSYSTEM (MARINE)
[[[[[[[Daniel GAERTNER]]]]]]];ECOSYSTEM (TROPICAL PELAGIC)
[[[[[[[Daniel GAERTNER]]]]]]];EXPERTISE (SCIENTIFIC)
[[[[[[[Daniel GAERTNER]]]]]]];FAD (FISH AGGREGATING DEVICE)
[[[[[[[Daniel GAERTNER]]]]]]];FISHERIES MANAGEMENT
[[[[[[[Daniel GAERTNER]]]]]]];FISHERIES SCIENCE (FR: HALIEUTIQUE)
[[[[[[[Daniel GAERTNER]]]]]]];FISHING STRATEGY ANALYSIS
[[[[[[[Daniel GAERTNER]]]]]]];GROWTH EQUATION
[[[[[[[Daniel GAERTNER]]]]]]];INDIAN OCEAN
[[[[[[[Daniel GAERTNER]]]]]]];INDICATOR (BIOLOGICAL)
[[[[[[[Daniel GAERTNER]]]]]]];MARINE PROTECTED AREA (MPA)
[[[[[[[Daniel GAERTNER]]]]]]];MODEL (SPATIALLY EXPLICIT)
[[[[[[[Daniel GAERTNER]]]]]]];MODEL GLM (GENERAL LINEARIZED MODEL)
[[[[[[[Daniel GAERTNER]]]]]]];MODELLING
[[[[[[[Daniel GAERTNER]]]]]]];MODELLING (BAYESIAN)
[[[[[[[Daniel GAERTNER]]]]]]];MODELLING (STATISTICAL)
[[[[[[[Daniel GAERTNER]]]]]]];MODELLING (TOPIC)
[[[[[[[Daniel GAERTNER]]]]]]];MONITORING (SOCIO-ENVIRONMENTAL)
[[[[[[[Daniel GAERTNER]]]]]]];MULTI-SCALE (SPATIAL)
[[[[[[[Daniel GAERTNER]]]]]]];MULTIDISCIPLINARY
[[[[[[[Daniel GAERTNER]]]]]]];NATURAL RESOURCE MANAGEMENT
[[[[[[[Daniel GAERTNER]]]]]]];PELAGIC FISH
[[[[[[[Daniel GAERTNER]]]]]]];POPULATION DYNAMICS
[[[[[[[Daniel GAERTNER]]]]]]];PURSE SEINE FISHERY
[[[[[[[Daniel GAERTNER]]]]]]];R PROGRAMMING
[[[[[[[Daniel GAERTNER]]]]]]];SDG 02 (SUST. DEVEL. GOAL - ALIMENTATION)
[[[[[[[Daniel GAERTNER]]]]]]];SDG 04 (SUST. DEVEL. GOAL - EDUCATION)
[[[[[[[Daniel GAERTNER]]]]]]];SDG 14 (SUST. DEVEL. GOAL - OCEANS)
[[[[[[[Daniel GAERTNER]]]]]]];SELECTIVITY (FISHING GEAR)
[[[[[[[Daniel GAERTNER]]]]]]];SENEGAL
[[[[[[[Daniel GAERTNER]]]]]]];SIMULATION
[[[[[[[Daniel GAERTNER]]]]]]];SIMULATION (MONTE-CARLO)
[[[[[[[Daniel GAERTNER]]]]]]];SOCIAL NETWORK ANALYSIS
[[[[[[[Daniel GAERTNER]]]]]]];SPATIAL ANALYSIS
[[[[[[[Daniel GAERTNER]]]]]]];SPORT FISHERY
[[[[[[[Daniel GAERTNER]]]]]]];STAKEHOLDER
[[[[[[[Daniel GAERTNER]]]]]]];STOCK ASSESSMENT
[[[[[[[Daniel GAERTNER]]]]]]];SUSTAINABILITY (FISHERIES)
[[[[[[[Daniel GAERTNER]]]]]]];SUSTAINABLE MANAGEMENT
[[[[[[[Daniel GAERTNER]]]]]]];TAG-RECAPTURE EXPERIMENT
[[[[[[[Daniel GAERTNER]]]]]]];TEXT MINING
[[[[[[[Daniel GAERTNER]]]]]]];TIME SERIES
[[[[[[[Daniel GAERTNER]]]]]]];TRAINING (FR: FORMATION)
[[[[[[[Daniel GAERTNER]]]]]]];TUNA FISHERIES
[[[[[[[Daniel GAERTNER]]]]]]];UMR MARBEC (MAR. BIODIV. EXPLOIT. CONSERV.)
[[[[[[[Daniel GAERTNER]]]]]]];VENEZUELA
[[[[[[[Daniel GAERTNER]]]]]]];WEST AFRICA
[[[[[[[Monique SIMIER]]]]]]];ARTISANAL FISHERY
[[[[[[[Monique SIMIER]]]]]]];ATLANTIC OCEAN
[[[[[[[Monique SIMIER]]]]]]];ATLANTIC OCEAN (INTERTROPICAL)
[[[[[[[Monique SIMIER]]]]]]];BEHAVIOUR (FISH)
[[[[[[[Monique SIMIER]]]]]]];BIODIVERSITY
[[[[[[[Monique SIMIER]]]]]]];BIODIVERSITY (ANTHROPOGENIC INFLUENCE)
[[[[[[[Monique SIMIER]]]]]]];BIODIVERSITY (CONSERVATION)
[[[[[[[Monique SIMIER]]]]]]];BIODIVERSITY (FUNCTIONAL)
[[[[[[[Monique SIMIER]]]]]]];BIODIVERSITY (MARINE)
[[[[[[[Monique SIMIER]]]]]]];BIOLOGY (MARINE)
[[[[[[[Monique SIMIER]]]]]]];BIOMETRICS
[[[[[[[Monique SIMIER]]]]]]];BIOSTATISTICS
[[[[[[[Monique SIMIER]]]]]]];BISSAU GUINEA
[[[[[[[Monique SIMIER]]]]]]];CENTRAL EAST ATLANTIC OCEAN
[[[[[[[Monique SIMIER]]]]]]];CLASSIFICATION - TYPOLOGY
[[[[[[[Monique SIMIER]]]]]]];CLIMATE CHANGE IMPACTS
[[[[[[[Monique SIMIER]]]]]]];COMPUTER GRAPHICS
[[[[[[[Monique SIMIER]]]]]]];COMPUTER SCIENCE
[[[[[[[Monique SIMIER]]]]]]];DATA ANALYSIS
[[[[[[[Monique SIMIER]]]]]]];DATA CLUSTERING
[[[[[[[Monique SIMIER]]]]]]];DATA PROCESSING
[[[[[[[Monique SIMIER]]]]]]];DATABASE ENGINEERING
[[[[[[[Monique SIMIER]]]]]]];ECOLOGY (FISHERIES)
[[[[[[[Monique SIMIER]]]]]]];ECOLOGY (MARINE)
[[[[[[[Monique SIMIER]]]]]]];ECOLOGY (QUANTITATIVE)
[[[[[[[Monique SIMIER]]]]]]];ECOLOGY (TROPHIC)
[[[[[[[Monique SIMIER]]]]]]];ECOSYSTEM (AQUATIC)
[[[[[[[Monique SIMIER]]]]]]];ECOSYSTEM (COASTAL)
[[[[[[[Monique SIMIER]]]]]]];ECOSYSTEM (LAGOON OR REEF)
[[[[[[[Monique SIMIER]]]]]]];ECOSYSTEM (MARINE)
[[[[[[[Monique SIMIER]]]]]]];ECOSYSTEM (TROPICAL PELAGIC)
[[[[[[[Monique SIMIER]]]]]]];ESTUARY
[[[[[[[Monique SIMIER]]]]]]];FAD (FISH AGGREGATING DEVICE)
[[[[[[[Monique SIMIER]]]]]]];FISHERIES MANAGEMENT
[[[[[[[Monique SIMIER]]]]]]];FISHERIES SCIENCE (FR: HALIEUTIQUE)
[[[[[[[Monique SIMIER]]]]]]];FISHES
[[[[[[[Monique SIMIER]]]]]]];HABITAT (MARINE)
[[[[[[[Monique SIMIER]]]]]]];INDIAN OCEAN
[[[[[[[Monique SIMIER]]]]]]];INDICATOR (BIOLOGICAL)
[[[[[[[Monique SIMIER]]]]]]];INDICATOR (ENVIRONMENTAL)
[[[[[[[Monique SIMIER]]]]]]];IT SYSTEM MANAGEMENT
[[[[[[[Monique SIMIER]]]]]]];LAGOON
[[[[[[[Monique SIMIER]]]]]]];MANGROVE
[[[[[[[Monique SIMIER]]]]]]];MARINE PROTECTED AREA (MPA)
[[[[[[[Monique SIMIER]]]]]]];MEDITERRANEAN SEA
[[[[[[[Monique SIMIER]]]]]]];MODEL GLM (GENERAL LINEARIZED MODEL)
[[[[[[[Monique SIMIER]]]]]]];MODELLING (STATISTICAL)
[[[[[[[Monique SIMIER]]]]]]];MULTIVARIATE DATA ANALYSIS (MVA)
[[[[[[[Monique SIMIER]]]]]]];NONPARAMETRIC STATISTICS
[[[[[[[Monique SIMIER]]]]]]];NORDESTE (BRAZIL)
[[[[[[[Monique SIMIER]]]]]]];OCEANOGRAPHY (BIOLOGICAL)
[[[[[[[Monique SIMIER]]]]]]];PELAGIC FISH
[[[[[[[Monique SIMIER]]]]]]];PLANKTON
[[[[[[[Monique SIMIER]]]]]]];PLANKTON (PHYTO)
[[[[[[[Monique SIMIER]]]]]]];R PROGRAMMING
[[[[[[[Monique SIMIER]]]]]]];SDG 04 (SUST. DEVEL. GOAL - EDUCATION)
[[[[[[[Monique SIMIER]]]]]]];SDG 14 (SUST. DEVEL. GOAL - OCEANS)
[[[[[[[Monique SIMIER]]]]]]];SENEGAL
[[[[[[[Monique SIMIER]]]]]]];SFDS (FRENCH SOC. STATISTICS)
[[[[[[[Monique SIMIER]]]]]]];SOUTH WESTERN INDIAN OCEAN
[[[[[[[Monique SIMIER]]]]]]];STATISTICS
[[[[[[[Monique SIMIER]]]]]]];TRAINING (FR: FORMATION)
[[[[[[[Monique SIMIER]]]]]]];TUNA FISHERIES
[[[[[[[Monique SIMIER]]]]]]];UMR MARBEC (MAR. BIODIV. EXPLOIT. CONSERV.)
[[[[[[[Monique SIMIER]]]]]]];WEST AFRICA
