UMR ESPACE-DEV (SPACE FOR DEVEL.);WORLD
UMR ESPACE-DEV (SPACE FOR DEVEL.);WETLAND
UMR ESPACE-DEV (SPACE FOR DEVEL.);WEST AFRICA
UMR ESPACE-DEV (SPACE FOR DEVEL.);WEB SCRAPING
UMR ESPACE-DEV (SPACE FOR DEVEL.);WEB PORTAL DEVEL.
UMR ESPACE-DEV (SPACE FOR DEVEL.);WEB OF DATA
UMR ESPACE-DEV (SPACE FOR DEVEL.);WATERSHED (FR: BASSIN VERSANT)
UMR ESPACE-DEV (SPACE FOR DEVEL.);WATERSHED (FR: BASSIN VERSANT)
UMR ESPACE-DEV (SPACE FOR DEVEL.);WATERSHED (FR: BASSIN VERSANT)
UMR ESPACE-DEV (SPACE FOR DEVEL.);WATER RESOURCES
UMR ESPACE-DEV (SPACE FOR DEVEL.);WATER RESOURCES
UMR ESPACE-DEV (SPACE FOR DEVEL.);WATER RESOURCES
UMR ESPACE-DEV (SPACE FOR DEVEL.);WATER RESOURCES
UMR ESPACE-DEV (SPACE FOR DEVEL.);WATER RESOURCES
UMR ESPACE-DEV (SPACE FOR DEVEL.);WATER QUALITY
UMR ESPACE-DEV (SPACE FOR DEVEL.);WATER MANAGEMENT
UMR ESPACE-DEV (SPACE FOR DEVEL.);VOLUNTEERED GEOGRAPHIC INFORMATION
UMR ESPACE-DEV (SPACE FOR DEVEL.);VOLCANOLOGY
UMR ESPACE-DEV (SPACE FOR DEVEL.);VECTOR-BORNE DISEASE
UMR ESPACE-DEV (SPACE FOR DEVEL.);VECTOR-BORNE DISEASE
UMR ESPACE-DEV (SPACE FOR DEVEL.);VECTOR-BORNE DISEASE
UMR ESPACE-DEV (SPACE FOR DEVEL.);URBAN COMPUTING
UMR ESPACE-DEV (SPACE FOR DEVEL.);URBAN COMPUTING
UMR ESPACE-DEV (SPACE FOR DEVEL.);UNCERTAINTY ASSESSMENT
UMR ESPACE-DEV (SPACE FOR DEVEL.);UNCERTAINTY ASSESSMENT
UMR ESPACE-DEV (SPACE FOR DEVEL.);UMR LTHE (HYDROL. ENVIRON. TRANSFERS)
UAV (UNMANNED AERIAL VEHICLE, DRONE);UMR ESPACE-DEV (SPACE FOR DEVEL.)
TRUTH DISCOVERY;UMR ESPACE-DEV (SPACE FOR DEVEL.)
TRAINING (FR: FORMATION);UMR ESPACE-DEV (SPACE FOR DEVEL.)
TRAINING (FR: FORMATION);UMR ESPACE-DEV (SPACE FOR DEVEL.)
TRAINING (FR: FORMATION);UMR ESPACE-DEV (SPACE FOR DEVEL.)
TRAINING (FR: FORMATION);UMR ESPACE-DEV (SPACE FOR DEVEL.)
TRAINING (FR: FORMATION);UMR ESPACE-DEV (SPACE FOR DEVEL.)
TRAINING (FR: FORMATION);UMR ESPACE-DEV (SPACE FOR DEVEL.)
TOURISM DEVELOPMENT;UMR ESPACE-DEV (SPACE FOR DEVEL.)
TIME SERIES;UMR ESPACE-DEV (SPACE FOR DEVEL.)
THEIA (DATA SERVICES INFRASTR. LAND SURFACES);UMR ESPACE-DEV (SPACE FOR DEVEL.)
THEIA (DATA SERVICES INFRASTR. LAND SURFACES);UMR ESPACE-DEV (SPACE FOR DEVEL.)
THEIA (DATA SERVICES INFRASTR. LAND SURFACES);UMR ESPACE-DEV (SPACE FOR DEVEL.)
THE REUNION ISLAND;UMR ESPACE-DEV (SPACE FOR DEVEL.)
THE REUNION ISLAND;UMR ESPACE-DEV (SPACE FOR DEVEL.)
TEXT MINING;UMR ESPACE-DEV (SPACE FOR DEVEL.)
TERRITORY;UMR ESPACE-DEV (SPACE FOR DEVEL.)
TERRITORY;UMR ESPACE-DEV (SPACE FOR DEVEL.)
TERRITORIAL TRANSITION;UMR ESPACE-DEV (SPACE FOR DEVEL.)
TECHNOLOGY TRANSFER;UMR ESPACE-DEV (SPACE FOR DEVEL.)
TECHNOLOGY TRANSFER;UMR ESPACE-DEV (SPACE FOR DEVEL.)
TECHNOLOGY INTELLIGENCE (FR: VEILLE TECHNOL.);UMR ESPACE-DEV (SPACE FOR DEVEL.)
TEACHING IN COMPUTER SCIENCE;UMR ESPACE-DEV (SPACE FOR DEVEL.)
TANZANIA;UMR ESPACE-DEV (SPACE FOR DEVEL.)
SYSTEMS SCIENCE;UMR ESPACE-DEV (SPACE FOR DEVEL.)
SYNTHETIC-APERTURE RADAR (SAR);UMR ESPACE-DEV (SPACE FOR DEVEL.)
SYMBOLIC LEARNING;UMR ESPACE-DEV (SPACE FOR DEVEL.)
SUSTAINABLE MANAGEMENT;UMR ESPACE-DEV (SPACE FOR DEVEL.)
SUSTAINABLE MANAGEMENT;UMR ESPACE-DEV (SPACE FOR DEVEL.)
SUSTAINABLE MANAGEMENT;UMR ESPACE-DEV (SPACE FOR DEVEL.)
SUSTAINABILITY SCIENCE;UMR ESPACE-DEV (SPACE FOR DEVEL.)
SUSTAINABILITY SCIENCE;UMR ESPACE-DEV (SPACE FOR DEVEL.)
SUSTAINABILITY SCIENCE;UMR ESPACE-DEV (SPACE FOR DEVEL.)
SUSTAINABILITY (FISHERIES);UMR ESPACE-DEV (SPACE FOR DEVEL.)
SURVEY (DESIGN);UMR ESPACE-DEV (SPACE FOR DEVEL.)
STATISTICS (SPATIAL);UMR ESPACE-DEV (SPACE FOR DEVEL.)
STATISTICS (SPATIAL);UMR ESPACE-DEV (SPACE FOR DEVEL.)
STATISTICS (SPATIAL);UMR ESPACE-DEV (SPACE FOR DEVEL.)
STATISTICS;UMR ESPACE-DEV (SPACE FOR DEVEL.)
STATISTICS;UMR ESPACE-DEV (SPACE FOR DEVEL.)
SPATIAL DYNAMICS;UMR ESPACE-DEV (SPACE FOR DEVEL.)
SPATIAL DYNAMICS;UMR ESPACE-DEV (SPACE FOR DEVEL.)
SPATIAL DYNAMICS;UMR ESPACE-DEV (SPACE FOR DEVEL.)
SPATIAL DATA QUALITY;UMR ESPACE-DEV (SPACE FOR DEVEL.)
SPATIAL DATA QUALITY;UMR ESPACE-DEV (SPACE FOR DEVEL.)
SPATIAL DATA INFRASTRUCTURE (SDI);UMR ESPACE-DEV (SPACE FOR DEVEL.)
SPATIAL DATA INFRASTRUCTURE (SDI);UMR ESPACE-DEV (SPACE FOR DEVEL.)
SPATIAL ANALYSIS;UMR ESPACE-DEV (SPACE FOR DEVEL.)
SPATIAL ANALYSIS;UMR ESPACE-DEV (SPACE FOR DEVEL.)
SPATIAL ANALYSIS;UMR ESPACE-DEV (SPACE FOR DEVEL.)
SPATIAL ANALYSIS;UMR ESPACE-DEV (SPACE FOR DEVEL.)
SOUTHERN MEDITERRANEAN;UMR ESPACE-DEV (SPACE FOR DEVEL.)
SOUTH WESTERN INDIAN OCEAN;UMR ESPACE-DEV (SPACE FOR DEVEL.)
SOUTH AMERICA;UMR ESPACE-DEV (SPACE FOR DEVEL.)
SOUTH AFRICA;UMR ESPACE-DEV (SPACE FOR DEVEL.)
SONAR;UMR ESPACE-DEV (SPACE FOR DEVEL.)
SOFTWARE ENGINEERING;UMR ESPACE-DEV (SPACE FOR DEVEL.)
SOFTWARE ENGINEERING;UMR ESPACE-DEV (SPACE FOR DEVEL.)
SOCIO-HYDROLOGY;UMR ESPACE-DEV (SPACE FOR DEVEL.)
SOCIO-HYDROLOGY;UMR ESPACE-DEV (SPACE FOR DEVEL.)
SOCIO-ECOSYSTEM;UMR ESPACE-DEV (SPACE FOR DEVEL.)
SOCIO-ECOSYSTEM;UMR ESPACE-DEV (SPACE FOR DEVEL.)
SOCIO-ECOSYSTEM;UMR ESPACE-DEV (SPACE FOR DEVEL.)
SOCIO-ECOSYSTEM;UMR ESPACE-DEV (SPACE FOR DEVEL.)
SOCIO-ECOLOGICAL SCENARIO;UMR ESPACE-DEV (SPACE FOR DEVEL.)
SOCIAL NETWORK ANALYSIS;UMR ESPACE-DEV (SPACE FOR DEVEL.)
SOCIAL INCLUSION;UMR ESPACE-DEV (SPACE FOR DEVEL.)
SIMULATION (WATER FLOW);UMR ESPACE-DEV (SPACE FOR DEVEL.)
SIMULATION (WATER FLOW);UMR ESPACE-DEV (SPACE FOR DEVEL.)
SIMULATION (WATER FLOW);UMR ESPACE-DEV (SPACE FOR DEVEL.)
SENSOR OBSERVATION SERVICE;UMR ESPACE-DEV (SPACE FOR DEVEL.)
SENSOR OBSERVATION SERVICE;UMR ESPACE-DEV (SPACE FOR DEVEL.)
SENSOR OBSERVATION SERVICE;UMR ESPACE-DEV (SPACE FOR DEVEL.)
SEMANTIC WEB;UMR ESPACE-DEV (SPACE FOR DEVEL.)
SEMANTIC WEB;UMR ESPACE-DEV (SPACE FOR DEVEL.)
SEDIMENT TRANSPORTATION (HYDROLOGY);UMR ESPACE-DEV (SPACE FOR DEVEL.)
SDG 16 (SUST. DEVEL. GOAL - SOCIETY);UMR ESPACE-DEV (SPACE FOR DEVEL.)
SDG 15 (SUST. DEVEL. GOAL - TERRESTRIAL ECOSYSTEMS);UMR ESPACE-DEV (SPACE FOR DEVEL.)
SDG 15 (SUST. DEVEL. GOAL - TERRESTRIAL ECOSYSTEMS);UMR ESPACE-DEV (SPACE FOR DEVEL.)
SDG 15 (SUST. DEVEL. GOAL - TERRESTRIAL ECOSYSTEMS);UMR ESPACE-DEV (SPACE FOR DEVEL.)
SDG 15 (SUST. DEVEL. GOAL - TERRESTRIAL ECOSYSTEMS);UMR ESPACE-DEV (SPACE FOR DEVEL.)
SDG 15 (SUST. DEVEL. GOAL - TERRESTRIAL ECOSYSTEMS);UMR ESPACE-DEV (SPACE FOR DEVEL.)
SDG 15 (SUST. DEVEL. GOAL - TERRESTRIAL ECOSYSTEMS);UMR ESPACE-DEV (SPACE FOR DEVEL.)
SDG 14 (SUST. DEVEL. GOAL - OCEANS);UMR ESPACE-DEV (SPACE FOR DEVEL.)
SDG 14 (SUST. DEVEL. GOAL - OCEANS);UMR ESPACE-DEV (SPACE FOR DEVEL.)
SDG 14 (SUST. DEVEL. GOAL - OCEANS);UMR ESPACE-DEV (SPACE FOR DEVEL.)
SDG 13 (SUST. DEVEL. GOAL - CLIMATE);UMR ESPACE-DEV (SPACE FOR DEVEL.)
SDG 13 (SUST. DEVEL. GOAL - CLIMATE);UMR ESPACE-DEV (SPACE FOR DEVEL.)
SDG 13 (SUST. DEVEL. GOAL - CLIMATE);UMR ESPACE-DEV (SPACE FOR DEVEL.)
SDG 13 (SUST. DEVEL. GOAL - CLIMATE);UMR ESPACE-DEV (SPACE FOR DEVEL.)
SDG 13 (SUST. DEVEL. GOAL - CLIMATE);UMR ESPACE-DEV (SPACE FOR DEVEL.)
SDG 13 (SUST. DEVEL. GOAL - CLIMATE);UMR ESPACE-DEV (SPACE FOR DEVEL.)
SDG 13 (SUST. DEVEL. GOAL - CLIMATE);UMR ESPACE-DEV (SPACE FOR DEVEL.)
SDG 13 (SUST. DEVEL. GOAL - CLIMATE);UMR ESPACE-DEV (SPACE FOR DEVEL.)
SDG 13 (SUST. DEVEL. GOAL - CLIMATE);UMR ESPACE-DEV (SPACE FOR DEVEL.)
SDG 11 (SUST. DEVEL. GOAL - CITIES);UMR ESPACE-DEV (SPACE FOR DEVEL.)
SDG 11 (SUST. DEVEL. GOAL - CITIES);UMR ESPACE-DEV (SPACE FOR DEVEL.)
SDG 11 (SUST. DEVEL. GOAL - CITIES);UMR ESPACE-DEV (SPACE FOR DEVEL.)
SDG 11 (SUST. DEVEL. GOAL - CITIES);UMR ESPACE-DEV (SPACE FOR DEVEL.)
SDG 10 (SUST. DEVEL. GOAL - WORLD EQUITY);UMR ESPACE-DEV (SPACE FOR DEVEL.)
SDG 10 (SUST. DEVEL. GOAL - WORLD EQUITY);UMR ESPACE-DEV (SPACE FOR DEVEL.)
SDG 10 (SUST. DEVEL. GOAL - WORLD EQUITY);UMR ESPACE-DEV (SPACE FOR DEVEL.)
SDG 08 (SUST. DEVEL. GOAL - ECONOMIC GROWTH);UMR ESPACE-DEV (SPACE FOR DEVEL.)
SDG 06 (SUST. DEVEL. GOAL - WATER AND SANITATION);UMR ESPACE-DEV (SPACE FOR DEVEL.)
SDG 06 (SUST. DEVEL. GOAL - WATER AND SANITATION);UMR ESPACE-DEV (SPACE FOR DEVEL.)
SDG 06 (SUST. DEVEL. GOAL - WATER AND SANITATION);UMR ESPACE-DEV (SPACE FOR DEVEL.)
SDG 06 (SUST. DEVEL. GOAL - WATER AND SANITATION);UMR ESPACE-DEV (SPACE FOR DEVEL.)
SDG 04 (SUST. DEVEL. GOAL - EDUCATION);UMR ESPACE-DEV (SPACE FOR DEVEL.)
SDG 04 (SUST. DEVEL. GOAL - EDUCATION);UMR ESPACE-DEV (SPACE FOR DEVEL.)
SDG 04 (SUST. DEVEL. GOAL - EDUCATION);UMR ESPACE-DEV (SPACE FOR DEVEL.)
SDG 04 (SUST. DEVEL. GOAL - EDUCATION);UMR ESPACE-DEV (SPACE FOR DEVEL.)
SDG 03 (SUST. DEVEL. GOAL - HEALTH AND WELL-BEING);UMR ESPACE-DEV (SPACE FOR DEVEL.)
SDG 03 (SUST. DEVEL. GOAL - HEALTH AND WELL-BEING);UMR ESPACE-DEV (SPACE FOR DEVEL.)
SDG 03 (SUST. DEVEL. GOAL - HEALTH AND WELL-BEING);UMR ESPACE-DEV (SPACE FOR DEVEL.)
SDG 03 (SUST. DEVEL. GOAL - HEALTH AND WELL-BEING);UMR ESPACE-DEV (SPACE FOR DEVEL.)
SDG 03 (SUST. DEVEL. GOAL - HEALTH AND WELL-BEING);UMR ESPACE-DEV (SPACE FOR DEVEL.)
SDG 02 (SUST. DEVEL. GOAL - ALIMENTATION);UMR ESPACE-DEV (SPACE FOR DEVEL.)
SDG 02 (SUST. DEVEL. GOAL - ALIMENTATION);UMR ESPACE-DEV (SPACE FOR DEVEL.)
SDG 01 (SUST. DEVEL. GOAL - POVERTY);UMR ESPACE-DEV (SPACE FOR DEVEL.)
SCI. ADMINISTRATION AND MANAGEMENT;UMR ESPACE-DEV (SPACE FOR DEVEL.)
SCI. ADMINISTRATION AND MANAGEMENT;UMR ESPACE-DEV (SPACE FOR DEVEL.)
SATELLITE PRODUCT;UMR ESPACE-DEV (SPACE FOR DEVEL.)
SATELLITE PRODUCT;UMR ESPACE-DEV (SPACE FOR DEVEL.)
SATELLITE PRODUCT;UMR ESPACE-DEV (SPACE FOR DEVEL.)
SAHEL;UMR ESPACE-DEV (SPACE FOR DEVEL.)
SAHEL;UMR ESPACE-DEV (SPACE FOR DEVEL.)
RURAL-URBAN LINKAGE;UMR ESPACE-DEV (SPACE FOR DEVEL.)
RURAL ZONE;UMR ESPACE-DEV (SPACE FOR DEVEL.)
RIVER;UMR ESPACE-DEV (SPACE FOR DEVEL.)
RISK ASSESSMENT;UMR ESPACE-DEV (SPACE FOR DEVEL.)
RISK ASSESSMENT;UMR ESPACE-DEV (SPACE FOR DEVEL.)
RISK ASSESSMENT;UMR ESPACE-DEV (SPACE FOR DEVEL.)
RISK ASSESSMENT;UMR ESPACE-DEV (SPACE FOR DEVEL.)
RISK (HEALTH);UMR ESPACE-DEV (SPACE FOR DEVEL.)
RISK (HEALTH);UMR ESPACE-DEV (SPACE FOR DEVEL.)
RISK (HEALTH);UMR ESPACE-DEV (SPACE FOR DEVEL.)
RISK (ENVIRONMENTAL);UMR ESPACE-DEV (SPACE FOR DEVEL.)
RISK (ENVIRONMENTAL);UMR ESPACE-DEV (SPACE FOR DEVEL.)
RISK (ENVIRONMENTAL);UMR ESPACE-DEV (SPACE FOR DEVEL.)
RISK (DISASTER);UMR ESPACE-DEV (SPACE FOR DEVEL.)
RESOURCE USE;UMR ESPACE-DEV (SPACE FOR DEVEL.)
RESOURCE USE;UMR ESPACE-DEV (SPACE FOR DEVEL.)
RENEWABLE RESOURCE;UMR ESPACE-DEV (SPACE FOR DEVEL.)
REMOTE SENSING VHSR (VERY HIGH SPATIAL RESOLUTION);UMR ESPACE-DEV (SPACE FOR DEVEL.)
REMOTE SENSING VHSR (VERY HIGH SPATIAL RESOLUTION);UMR ESPACE-DEV (SPACE FOR DEVEL.)
REMOTE SENSING;UMR ESPACE-DEV (SPACE FOR DEVEL.)
REMOTE SENSING;UMR ESPACE-DEV (SPACE FOR DEVEL.)
REMOTE SENSING;UMR ESPACE-DEV (SPACE FOR DEVEL.)
REMOTE SENSING;UMR ESPACE-DEV (SPACE FOR DEVEL.)
REMOTE SENSING;UMR ESPACE-DEV (SPACE FOR DEVEL.)
REMOTE SENSING;UMR ESPACE-DEV (SPACE FOR DEVEL.)
REMOTE SENSING;UMR ESPACE-DEV (SPACE FOR DEVEL.)
REMOTE SENSING;UMR ESPACE-DEV (SPACE FOR DEVEL.)
REMOTE SENSING;UMR ESPACE-DEV (SPACE FOR DEVEL.)
REINFORCEMENT LEARNING;UMR ESPACE-DEV (SPACE FOR DEVEL.)
REGRESSION (FUNCTIONAL);UMR ESPACE-DEV (SPACE FOR DEVEL.)
RANDOM DECISION FOREST;UMR ESPACE-DEV (SPACE FOR DEVEL.)
RADAR ALTIMETRY;UMR ESPACE-DEV (SPACE FOR DEVEL.)
RADAR ALTIMETRY;UMR ESPACE-DEV (SPACE FOR DEVEL.)
RADAR;UMR ESPACE-DEV (SPACE FOR DEVEL.)
RADAR;UMR ESPACE-DEV (SPACE FOR DEVEL.)
RADAR;UMR ESPACE-DEV (SPACE FOR DEVEL.)
R PROGRAMMING;UMR ESPACE-DEV (SPACE FOR DEVEL.)
Q-LEARNING;UMR ESPACE-DEV (SPACE FOR DEVEL.)
PUBLIC HEALTH;UMR ESPACE-DEV (SPACE FOR DEVEL.)
PUBLIC HEALTH;UMR ESPACE-DEV (SPACE FOR DEVEL.)
PROGRAM OPTIMIZATION;UMR ESPACE-DEV (SPACE FOR DEVEL.)
PROBABILITY THEORY;UMR ESPACE-DEV (SPACE FOR DEVEL.)
PROBABILITY DISTRIBUTION;UMR ESPACE-DEV (SPACE FOR DEVEL.)
POVERTY;UMR ESPACE-DEV (SPACE FOR DEVEL.)
PLANKTON (PHYTO);UMR ESPACE-DEV (SPACE FOR DEVEL.)
PLANKTON;UMR ESPACE-DEV (SPACE FOR DEVEL.)
PHOTOGRAMMETRY;UMR ESPACE-DEV (SPACE FOR DEVEL.)
PATTERN RECOGNITION;UMR ESPACE-DEV (SPACE FOR DEVEL.)
PATTERN LEARNING (STATISTICS);UMR ESPACE-DEV (SPACE FOR DEVEL.)
PATENT FILING (FR: DÉPOT DE BREVET);UMR ESPACE-DEV (SPACE FOR DEVEL.)
PATENT FILING (FR: DÉPOT DE BREVET);UMR ESPACE-DEV (SPACE FOR DEVEL.)
PARTICLE FILTER (SEQUENTIAL MONTE CARLO METHOD);UMR ESPACE-DEV (SPACE FOR DEVEL.)
PARTICIPATORY MAPPING;UMR ESPACE-DEV (SPACE FOR DEVEL.)
PARTICIPATORY MAPPING;UMR ESPACE-DEV (SPACE FOR DEVEL.)
PAKISTAN;UMR ESPACE-DEV (SPACE FOR DEVEL.)
OPTIMIZATION;UMR ESPACE-DEV (SPACE FOR DEVEL.)
OPTIMAL CONTROL (MATHEMATICS);UMR ESPACE-DEV (SPACE FOR DEVEL.)
OPERATIONAL RESEARCH;UMR ESPACE-DEV (SPACE FOR DEVEL.)
OPERATIONAL RESEARCH;UMR ESPACE-DEV (SPACE FOR DEVEL.)
OPERATIONAL ENGINEERING;UMR ESPACE-DEV (SPACE FOR DEVEL.)
OPERATIONAL ENGINEERING;UMR ESPACE-DEV (SPACE FOR DEVEL.)
OPEN SOURCE;UMR ESPACE-DEV (SPACE FOR DEVEL.)
OPEN SOURCE;UMR ESPACE-DEV (SPACE FOR DEVEL.)
OPEN SOURCE;UMR ESPACE-DEV (SPACE FOR DEVEL.)
OPEN SCIENCE;UMR ESPACE-DEV (SPACE FOR DEVEL.)
OPEN SCIENCE;UMR ESPACE-DEV (SPACE FOR DEVEL.)
OPEN SCIENCE;UMR ESPACE-DEV (SPACE FOR DEVEL.)
OPEN SCIENCE;UMR ESPACE-DEV (SPACE FOR DEVEL.)
OPEN DATA;UMR ESPACE-DEV (SPACE FOR DEVEL.)
OPEN DATA;UMR ESPACE-DEV (SPACE FOR DEVEL.)
OPEN DATA;UMR ESPACE-DEV (SPACE FOR DEVEL.)
ONTOLOGY;UMR ESPACE-DEV (SPACE FOR DEVEL.)
ONTOLOGY;UMR ESPACE-DEV (SPACE FOR DEVEL.)
ONEHEALTH - ECOHEALTH;UMR ESPACE-DEV (SPACE FOR DEVEL.)
ON-DEMAND SERVICE;UMR ESPACE-DEV (SPACE FOR DEVEL.)
OBSERVATORY;UMR ESPACE-DEV (SPACE FOR DEVEL.)
OBSERVATORY;UMR ESPACE-DEV (SPACE FOR DEVEL.)
OBSERVATORY;UMR ESPACE-DEV (SPACE FOR DEVEL.)
OBSERVATORY;UMR ESPACE-DEV (SPACE FOR DEVEL.)
OBSERVATORY;UMR ESPACE-DEV (SPACE FOR DEVEL.)
NORTH ATLANTIC OCEAN;UMR ESPACE-DEV (SPACE FOR DEVEL.)
NONPARAMETRIC STATISTICS;UMR ESPACE-DEV (SPACE FOR DEVEL.)
NISSOLOGY (ISLAND SCIENCE);UMR ESPACE-DEV (SPACE FOR DEVEL.)
NIGER COUNTRY;UMR ESPACE-DEV (SPACE FOR DEVEL.)
NIGER COUNTRY;UMR ESPACE-DEV (SPACE FOR DEVEL.)
NEWFOUNDLAND AND LABRADOR (CANADA);UMR ESPACE-DEV (SPACE FOR DEVEL.)
NATURAL RESOURCE MANAGEMENT;UMR ESPACE-DEV (SPACE FOR DEVEL.)
NATURAL HAZARD;UMR ESPACE-DEV (SPACE FOR DEVEL.)
NATURAL HAZARD;UMR ESPACE-DEV (SPACE FOR DEVEL.)
MYANMAR (BURMA);UMR ESPACE-DEV (SPACE FOR DEVEL.)
MULTIVARIATE DATA ANALYSIS (MVA);UMR ESPACE-DEV (SPACE FOR DEVEL.)
MULTIVARIATE DATA ANALYSIS (MVA);UMR ESPACE-DEV (SPACE FOR DEVEL.)
MULTI-SPECTRAL IMAGE;UMR ESPACE-DEV (SPACE FOR DEVEL.)
MULTI-SPECTRAL IMAGE;UMR ESPACE-DEV (SPACE FOR DEVEL.)
MULTI-SPECTRAL IMAGE;UMR ESPACE-DEV (SPACE FOR DEVEL.)
MULTI-SENSOR APPROACH;UMR ESPACE-DEV (SPACE FOR DEVEL.)
MULTI-SENSOR APPROACH;UMR ESPACE-DEV (SPACE FOR DEVEL.)
MULTI-SENSOR APPROACH;UMR ESPACE-DEV (SPACE FOR DEVEL.)
MULTI-SCALE (TEMPORAL AND FUNCTIONAL);UMR ESPACE-DEV (SPACE FOR DEVEL.)
MULTI-SCALE (SPATIAL);UMR ESPACE-DEV (SPACE FOR DEVEL.)
MULTI-SCALE (SPATIAL);UMR ESPACE-DEV (SPACE FOR DEVEL.)
MULTI-SCALE (SPATIAL);UMR ESPACE-DEV (SPACE FOR DEVEL.)
MULTI-SCALE (SPATIAL);UMR ESPACE-DEV (SPACE FOR DEVEL.)
MULTI-SCALE (SPATIAL);UMR ESPACE-DEV (SPACE FOR DEVEL.)
MULTI-SCALE (SPATIAL);UMR ESPACE-DEV (SPACE FOR DEVEL.)
MULTI-SCALE (SPATIAL);UMR ESPACE-DEV (SPACE FOR DEVEL.)
MULTI-SCALE (SPATIAL AND TEMPORAL);UMR ESPACE-DEV (SPACE FOR DEVEL.)
MULTI-SCALE (SPATIAL AND TEMPORAL);UMR ESPACE-DEV (SPACE FOR DEVEL.)
MULTI-SCALE (SPATIAL AND TEMPORAL);UMR ESPACE-DEV (SPACE FOR DEVEL.)
MULTI-SCALE (FUNCTIONAL);UMR ESPACE-DEV (SPACE FOR DEVEL.)
MULTI-MODEL COUPLING (MMC);UMR ESPACE-DEV (SPACE FOR DEVEL.)
MULTIDISCIPLINARY;UMR ESPACE-DEV (SPACE FOR DEVEL.)
MULTIDISCIPLINARY;UMR ESPACE-DEV (SPACE FOR DEVEL.)
MULTIDISCIPLINARY;UMR ESPACE-DEV (SPACE FOR DEVEL.)
MULTIDISCIPLINARY;UMR ESPACE-DEV (SPACE FOR DEVEL.)
MULTIDISCIPLINARY;UMR ESPACE-DEV (SPACE FOR DEVEL.)
MULTIDISCIPLINARY;UMR ESPACE-DEV (SPACE FOR DEVEL.)
MULTIDISCIPLINARY;UMR ESPACE-DEV (SPACE FOR DEVEL.)
MULTIDISCIPLINARY;UMR ESPACE-DEV (SPACE FOR DEVEL.)
MULTIBEAM SONAR DETECTION;UMR ESPACE-DEV (SPACE FOR DEVEL.)
MULTI-AGENT SYSTEM;UMR ESPACE-DEV (SPACE FOR DEVEL.)
MOZAMBIQUE CHANNEL;UMR ESPACE-DEV (SPACE FOR DEVEL.)
MONITORING NETWORK;UMR ESPACE-DEV (SPACE FOR DEVEL.)
MONITORING (STATISTICAL);UMR ESPACE-DEV (SPACE FOR DEVEL.)
MONITORING (SOCIO-ENVIRONMENTAL);UMR ESPACE-DEV (SPACE FOR DEVEL.)
MONITORING (SOCIO-ENVIRONMENTAL);UMR ESPACE-DEV (SPACE FOR DEVEL.)
MONITORING (SOCIO-ENVIRONMENTAL);UMR ESPACE-DEV (SPACE FOR DEVEL.)
MONITORING (SOCIO-ENVIRONMENTAL);UMR ESPACE-DEV (SPACE FOR DEVEL.)
MONITORING (HYDROLOGY);UMR ESPACE-DEV (SPACE FOR DEVEL.)
MONITORING (HYDROLOGY);UMR ESPACE-DEV (SPACE FOR DEVEL.)
MONITORING (HEALTH);UMR ESPACE-DEV (SPACE FOR DEVEL.)
MONITORING (ENVIRONMENTAL);UMR ESPACE-DEV (SPACE FOR DEVEL.)
MONITORING (ENVIRONMENTAL);UMR ESPACE-DEV (SPACE FOR DEVEL.)
MONITORING (ENVIRONMENTAL);UMR ESPACE-DEV (SPACE FOR DEVEL.)
MODELLING (VALIDATION);UMR ESPACE-DEV (SPACE FOR DEVEL.)
MODELLING (VALIDATION);UMR ESPACE-DEV (SPACE FOR DEVEL.)
MODELLING (SURVIVAL ANALYSIS);UMR ESPACE-DEV (SPACE FOR DEVEL.)
MODELLING (STOCHASTIC PROCESSES);UMR ESPACE-DEV (SPACE FOR DEVEL.)
MODELLING (STOCHASTIC PROCESSES);UMR ESPACE-DEV (SPACE FOR DEVEL.)
MODELLING (STATISTICAL);UMR ESPACE-DEV (SPACE FOR DEVEL.)
MODELLING (STATISTICAL);UMR ESPACE-DEV (SPACE FOR DEVEL.)
MODELLING (STATISTICAL);UMR ESPACE-DEV (SPACE FOR DEVEL.)
MODELLING (PREDICTIVE);UMR ESPACE-DEV (SPACE FOR DEVEL.)
MODELLING (PREDICTIVE);UMR ESPACE-DEV (SPACE FOR DEVEL.)
MODELLING (MULTI-SCALE);UMR ESPACE-DEV (SPACE FOR DEVEL.)
MODELLING (MULTI-SCALE);UMR ESPACE-DEV (SPACE FOR DEVEL.)
MODELLING (MULTI-SCALE);UMR ESPACE-DEV (SPACE FOR DEVEL.)
MODELLING (METADATA);UMR ESPACE-DEV (SPACE FOR DEVEL.)
MODELLING (METADATA);UMR ESPACE-DEV (SPACE FOR DEVEL.)
MODELLING (MATHEMATICAL);UMR ESPACE-DEV (SPACE FOR DEVEL.)
MODELLING (MATHEMATICAL);UMR ESPACE-DEV (SPACE FOR DEVEL.)
MODELLING (INTERDISCIPLINARY);UMR ESPACE-DEV (SPACE FOR DEVEL.)
MODELLING (INTERDISCIPLINARY);UMR ESPACE-DEV (SPACE FOR DEVEL.)
MODELLING (INTEGRATED);UMR ESPACE-DEV (SPACE FOR DEVEL.)
MODELLING (INTEGRATED);UMR ESPACE-DEV (SPACE FOR DEVEL.)
MODELLING (INFERENTIAL);UMR ESPACE-DEV (SPACE FOR DEVEL.)
MODELLING (HYDROLOGICAL);UMR ESPACE-DEV (SPACE FOR DEVEL.)
MODELLING (HYDROLOGICAL);UMR ESPACE-DEV (SPACE FOR DEVEL.)
MODELLING (HYDROLOGICAL);UMR ESPACE-DEV (SPACE FOR DEVEL.)
MODELLING (HYDROLOGICAL);UMR ESPACE-DEV (SPACE FOR DEVEL.)
MODELLING (HYDRODYNAMICS);UMR ESPACE-DEV (SPACE FOR DEVEL.)
MODELLING (HYDRODYNAMICS);UMR ESPACE-DEV (SPACE FOR DEVEL.)
MODELLING (HUMAN-IN-THE-LOOP);UMR ESPACE-DEV (SPACE FOR DEVEL.)
MODELLING (HABITAT, ECOLOGY);UMR ESPACE-DEV (SPACE FOR DEVEL.)
MODELLING (HABITAT, ECOLOGY);UMR ESPACE-DEV (SPACE FOR DEVEL.)
MODELLING (CONCEPTUAL);UMR ESPACE-DEV (SPACE FOR DEVEL.)
MODELLING (CONCEPTUAL);UMR ESPACE-DEV (SPACE FOR DEVEL.)
MODELLING (CONCEPTUAL);UMR ESPACE-DEV (SPACE FOR DEVEL.)
MODELLING (CONCEPTUAL);UMR ESPACE-DEV (SPACE FOR DEVEL.)
MODELLING (COMPLEX SYSTEM);UMR ESPACE-DEV (SPACE FOR DEVEL.)
MODELLING (COMPLEX SYSTEM);UMR ESPACE-DEV (SPACE FOR DEVEL.)
MODELLING (COMPANION);UMR ESPACE-DEV (SPACE FOR DEVEL.)
MODELLING (CO-);UMR ESPACE-DEV (SPACE FOR DEVEL.)
MODELLING (CALIBRATION);UMR ESPACE-DEV (SPACE FOR DEVEL.)
MODELLING (BAYESIAN);UMR ESPACE-DEV (SPACE FOR DEVEL.)
MODELLING (BAYESIAN);UMR ESPACE-DEV (SPACE FOR DEVEL.)
MODELLING (AGENT-BASED AND OR INDIVIDUAL-BASED);UMR ESPACE-DEV (SPACE FOR DEVEL.)
MODELLING;UMR ESPACE-DEV (SPACE FOR DEVEL.)
MODELLING;UMR ESPACE-DEV (SPACE FOR DEVEL.)
MODELLING;UMR ESPACE-DEV (SPACE FOR DEVEL.)
MODELLING;UMR ESPACE-DEV (SPACE FOR DEVEL.)
MODELLING;UMR ESPACE-DEV (SPACE FOR DEVEL.)
MODELLING;UMR ESPACE-DEV (SPACE FOR DEVEL.)
MODELLING;UMR ESPACE-DEV (SPACE FOR DEVEL.)
MODELLING;UMR ESPACE-DEV (SPACE FOR DEVEL.)
MODEL DEM (DIGITAL ELEVATION MODEL);UMR ESPACE-DEV (SPACE FOR DEVEL.)
MODEL DEM (DIGITAL ELEVATION MODEL);UMR ESPACE-DEV (SPACE FOR DEVEL.)
MODEL DEM (DIGITAL ELEVATION MODEL);UMR ESPACE-DEV (SPACE FOR DEVEL.)
MODEL DEM (DIGITAL ELEVATION MODEL);UMR ESPACE-DEV (SPACE FOR DEVEL.)
MODEL COUPLING;UMR ESPACE-DEV (SPACE FOR DEVEL.)
MODEL (SPATIALLY EXPLICIT);UMR ESPACE-DEV (SPACE FOR DEVEL.)
MODEL (OPERATIONAL);UMR ESPACE-DEV (SPACE FOR DEVEL.)
MODEL (NUMERICAL);UMR ESPACE-DEV (SPACE FOR DEVEL.)
MODEL (NUMERICAL);UMR ESPACE-DEV (SPACE FOR DEVEL.)
MODEL (HYBRID);UMR ESPACE-DEV (SPACE FOR DEVEL.)
MODEL (FLOW PROPAGATION);UMR ESPACE-DEV (SPACE FOR DEVEL.)
MODEL (AUTOREGRESSIVE);UMR ESPACE-DEV (SPACE FOR DEVEL.)
MODEL (AGENT-BASED);UMR ESPACE-DEV (SPACE FOR DEVEL.)
MITIGATION MEASURE;UMR ESPACE-DEV (SPACE FOR DEVEL.)
MIDDLE EAST;UMR ESPACE-DEV (SPACE FOR DEVEL.)
METEOROLOGY (HYDRO);UMR ESPACE-DEV (SPACE FOR DEVEL.)
METADATA;UMR ESPACE-DEV (SPACE FOR DEVEL.)
METADATA;UMR ESPACE-DEV (SPACE FOR DEVEL.)
METADATA;UMR ESPACE-DEV (SPACE FOR DEVEL.)
MEDICAL INFORMATICS;UMR ESPACE-DEV (SPACE FOR DEVEL.)
MEDICAL IMAGE ANALYSIS;UMR ESPACE-DEV (SPACE FOR DEVEL.)
MCMC (MARKOV CHAIN MONTE-CARLO);UMR ESPACE-DEV (SPACE FOR DEVEL.)
MAYOTTE;UMR ESPACE-DEV (SPACE FOR DEVEL.)
MATTER TRANSPORTATION (HYDROLOGY);UMR ESPACE-DEV (SPACE FOR DEVEL.)
MATHEMATICS (APPLIED);UMR ESPACE-DEV (SPACE FOR DEVEL.)
MARINE PROTECTED AREA (MPA);UMR ESPACE-DEV (SPACE FOR DEVEL.)
MARINE PROTECTED AREA (MPA);UMR ESPACE-DEV (SPACE FOR DEVEL.)
MARINE PROTECTED AREA (MPA);UMR ESPACE-DEV (SPACE FOR DEVEL.)
MANGROVE;UMR ESPACE-DEV (SPACE FOR DEVEL.)
MALI;UMR ESPACE-DEV (SPACE FOR DEVEL.)
MALARIA;UMR ESPACE-DEV (SPACE FOR DEVEL.)
MALARIA;UMR ESPACE-DEV (SPACE FOR DEVEL.)
MALARIA;UMR ESPACE-DEV (SPACE FOR DEVEL.)
MAGHREB;UMR ESPACE-DEV (SPACE FOR DEVEL.)
MADAGASCAR;UMR ESPACE-DEV (SPACE FOR DEVEL.)
MADAGASCAR;UMR ESPACE-DEV (SPACE FOR DEVEL.)
MADAGASCAR;UMR ESPACE-DEV (SPACE FOR DEVEL.)
MADAGASCAR;UMR ESPACE-DEV (SPACE FOR DEVEL.)
MACHINE LEARNING (STRUCTURAL);UMR ESPACE-DEV (SPACE FOR DEVEL.)
MACHINE LEARNING (STRUCTURAL);UMR ESPACE-DEV (SPACE FOR DEVEL.)
MACHINE - DEEP LEARNING;UMR ESPACE-DEV (SPACE FOR DEVEL.)
LIMNOLOGY;UMR ESPACE-DEV (SPACE FOR DEVEL.)
LANDSCAPE;UMR ESPACE-DEV (SPACE FOR DEVEL.)
LANDSCAPE;UMR ESPACE-DEV (SPACE FOR DEVEL.)
LANDSCAPE;UMR ESPACE-DEV (SPACE FOR DEVEL.)
LANDSCAPE;UMR ESPACE-DEV (SPACE FOR DEVEL.)
LANDCOVER;UMR ESPACE-DEV (SPACE FOR DEVEL.)
LAND USE;UMR ESPACE-DEV (SPACE FOR DEVEL.)
LAND USE;UMR ESPACE-DEV (SPACE FOR DEVEL.)
LAND SURFACES;UMR ESPACE-DEV (SPACE FOR DEVEL.)
LAND DEGRADATION;UMR ESPACE-DEV (SPACE FOR DEVEL.)
LAKE;UMR ESPACE-DEV (SPACE FOR DEVEL.)
KWAZULU-NATAL (SOUTH AFRICA);UMR ESPACE-DEV (SPACE FOR DEVEL.)
KNOWLEDGE DISCOVERY;UMR ESPACE-DEV (SPACE FOR DEVEL.)
IT SYSTEM MANAGEMENT;UMR ESPACE-DEV (SPACE FOR DEVEL.)
IT PROJECT MANAGEMENT;UMR ESPACE-DEV (SPACE FOR DEVEL.)
ISLAND COUNTRY;UMR ESPACE-DEV (SPACE FOR DEVEL.)
IRRIGATION;UMR ESPACE-DEV (SPACE FOR DEVEL.)
INTER-TROPICAL (REGION);UMR ESPACE-DEV (SPACE FOR DEVEL.)
INTERPOLATION;UMR ESPACE-DEV (SPACE FOR DEVEL.)
INTEROPERABILITY;UMR ESPACE-DEV (SPACE FOR DEVEL.)
INTEROPERABILITY;UMR ESPACE-DEV (SPACE FOR DEVEL.)
INTEGRATIVE APPROACH;UMR ESPACE-DEV (SPACE FOR DEVEL.)
INTEGRATIVE APPROACH;UMR ESPACE-DEV (SPACE FOR DEVEL.)
INTEGRATIVE APPROACH;UMR ESPACE-DEV (SPACE FOR DEVEL.)
INTEGRATIVE APPROACH;UMR ESPACE-DEV (SPACE FOR DEVEL.)
INFORMATION TECHNOLOGY (IT);UMR ESPACE-DEV (SPACE FOR DEVEL.)
INFORMATION TECHNOLOGY (IT);UMR ESPACE-DEV (SPACE FOR DEVEL.)
INFORMATION SYSTEM;UMR ESPACE-DEV (SPACE FOR DEVEL.)
INFORMATION SYSTEM;UMR ESPACE-DEV (SPACE FOR DEVEL.)
INFORMATION SYSTEM;UMR ESPACE-DEV (SPACE FOR DEVEL.)
INFORMATION SYSTEM;UMR ESPACE-DEV (SPACE FOR DEVEL.)
INFORMATION PROCESSING;UMR ESPACE-DEV (SPACE FOR DEVEL.)
INFORMATION PROCESSING;UMR ESPACE-DEV (SPACE FOR DEVEL.)
INFORMATION PROCESSING;UMR ESPACE-DEV (SPACE FOR DEVEL.)
INFORMATION PROCESSING;UMR ESPACE-DEV (SPACE FOR DEVEL.)
INFECTIOUS DISEASE;UMR ESPACE-DEV (SPACE FOR DEVEL.)
INFECTIOUS DISEASE;UMR ESPACE-DEV (SPACE FOR DEVEL.)
INDICATOR (SOCIO-ENVIRONMENTAL);UMR ESPACE-DEV (SPACE FOR DEVEL.)
INDICATOR (SOCIO-ENVIRONMENTAL);UMR ESPACE-DEV (SPACE FOR DEVEL.)
INDICATOR (HEALTH);UMR ESPACE-DEV (SPACE FOR DEVEL.)
INDICATOR (HEALTH);UMR ESPACE-DEV (SPACE FOR DEVEL.)
INDICATOR (ENVIRONMENTAL);UMR ESPACE-DEV (SPACE FOR DEVEL.)
INDICATOR (ENVIRONMENTAL);UMR ESPACE-DEV (SPACE FOR DEVEL.)
INDICATOR (ENVIRONMENTAL);UMR ESPACE-DEV (SPACE FOR DEVEL.)
INDICATOR (ENVIRONMENTAL);UMR ESPACE-DEV (SPACE FOR DEVEL.)
INDICATOR (ENVIRONMENTAL);UMR ESPACE-DEV (SPACE FOR DEVEL.)
INDICATOR (ENVIRONMENTAL);UMR ESPACE-DEV (SPACE FOR DEVEL.)
INDICATOR (ENVIRONMENTAL);UMR ESPACE-DEV (SPACE FOR DEVEL.)
INDICATOR (DASHBOARD);UMR ESPACE-DEV (SPACE FOR DEVEL.)
INDICATOR (BIOLOGICAL);UMR ESPACE-DEV (SPACE FOR DEVEL.)
INDICATOR (BIOLOGICAL);UMR ESPACE-DEV (SPACE FOR DEVEL.)
INDIAN OCEAN;UMR ESPACE-DEV (SPACE FOR DEVEL.)
INDIAN OCEAN;UMR ESPACE-DEV (SPACE FOR DEVEL.)
INDIA;UMR ESPACE-DEV (SPACE FOR DEVEL.)
IMPACT ASSESSMENT (WATER);UMR ESPACE-DEV (SPACE FOR DEVEL.)
IMPACT ASSESSMENT (WATER);UMR ESPACE-DEV (SPACE FOR DEVEL.)
IMPACT ASSESSMENT (WATER);UMR ESPACE-DEV (SPACE FOR DEVEL.)
IMPACT ASSESSMENT (HEALTH);UMR ESPACE-DEV (SPACE FOR DEVEL.)
IMPACT ASSESSMENT (HEALTH);UMR ESPACE-DEV (SPACE FOR DEVEL.)
IMPACT ASSESMENT (ENVIRONMENT);UMR ESPACE-DEV (SPACE FOR DEVEL.)
IMAGE PROCESSING;UMR ESPACE-DEV (SPACE FOR DEVEL.)
IMAGE PROCESSING;UMR ESPACE-DEV (SPACE FOR DEVEL.)
HYDROSYSTEM;UMR ESPACE-DEV (SPACE FOR DEVEL.)
HYDROSYSTEM;UMR ESPACE-DEV (SPACE FOR DEVEL.)
HYDROSYSTEM;UMR ESPACE-DEV (SPACE FOR DEVEL.)
HYDROMETRY;UMR ESPACE-DEV (SPACE FOR DEVEL.)
HYDROLOGY;UMR ESPACE-DEV (SPACE FOR DEVEL.)
HYDROLOGY;UMR ESPACE-DEV (SPACE FOR DEVEL.)
HYDROLOGY;UMR ESPACE-DEV (SPACE FOR DEVEL.)
HYDROLOGY;UMR ESPACE-DEV (SPACE FOR DEVEL.)
HYDROLOGY;UMR ESPACE-DEV (SPACE FOR DEVEL.)
HYDROLOGICAL MONITORING SYSTEM;UMR ESPACE-DEV (SPACE FOR DEVEL.)
HYDROLOGICAL MONITORING SYSTEM;UMR ESPACE-DEV (SPACE FOR DEVEL.)
HYDROLOGICAL MONITORING SYSTEM;UMR ESPACE-DEV (SPACE FOR DEVEL.)
HYDROLOGICAL BASIN;UMR ESPACE-DEV (SPACE FOR DEVEL.)
HYDROLOGICAL BASIN;UMR ESPACE-DEV (SPACE FOR DEVEL.)
HYDROGRAPHY;UMR ESPACE-DEV (SPACE FOR DEVEL.)
HYDRAULICS;UMR ESPACE-DEV (SPACE FOR DEVEL.)
HURRICANE;UMR ESPACE-DEV (SPACE FOR DEVEL.)
HEALTH POLICY;UMR ESPACE-DEV (SPACE FOR DEVEL.)
HABITAT (MARINE);UMR ESPACE-DEV (SPACE FOR DEVEL.)
GRAPH THEORY;UMR ESPACE-DEV (SPACE FOR DEVEL.)
GLOBAL CHANGE IMPACT;UMR ESPACE-DEV (SPACE FOR DEVEL.)
GLOBAL CHANGE IMPACT;UMR ESPACE-DEV (SPACE FOR DEVEL.)
GIS (GEOGR. INFORM. SYS.);UMR ESPACE-DEV (SPACE FOR DEVEL.)
GIS (GEOGR. INFORM. SYS.);UMR ESPACE-DEV (SPACE FOR DEVEL.)
GIS (GEOGR. INFORM. SYS.);UMR ESPACE-DEV (SPACE FOR DEVEL.)
GIS (GEOGR. INFORM. SYS.);UMR ESPACE-DEV (SPACE FOR DEVEL.)
GIS (GEOGR. INFORM. SYS.);UMR ESPACE-DEV (SPACE FOR DEVEL.)
GIS (GEOGR. INFORM. SYS.);UMR ESPACE-DEV (SPACE FOR DEVEL.)
GIS (GEOGR. INFORM. SYS.);UMR ESPACE-DEV (SPACE FOR DEVEL.)
GEOVISUALISATION;UMR ESPACE-DEV (SPACE FOR DEVEL.)
GEOSTATISTICS;UMR ESPACE-DEV (SPACE FOR DEVEL.)
GEOSTATISTICS;UMR ESPACE-DEV (SPACE FOR DEVEL.)
GEOSCIENCE;UMR ESPACE-DEV (SPACE FOR DEVEL.)
GEOSCIENCE;UMR ESPACE-DEV (SPACE FOR DEVEL.)
GEOSCIENCE;UMR ESPACE-DEV (SPACE FOR DEVEL.)
GEOMORPHOMETRY (HYDRO);UMR ESPACE-DEV (SPACE FOR DEVEL.)
GEOMORPHOMETRY (HYDRO);UMR ESPACE-DEV (SPACE FOR DEVEL.)
GEOMATICS;UMR ESPACE-DEV (SPACE FOR DEVEL.)
GEOMATICS;UMR ESPACE-DEV (SPACE FOR DEVEL.)
GEOMATICS;UMR ESPACE-DEV (SPACE FOR DEVEL.)
GEOMATICS;UMR ESPACE-DEV (SPACE FOR DEVEL.)
GEOMATICS;UMR ESPACE-DEV (SPACE FOR DEVEL.)
GEOMATICS;UMR ESPACE-DEV (SPACE FOR DEVEL.)
GEOMATICS;UMR ESPACE-DEV (SPACE FOR DEVEL.)
GEOMATICS;UMR ESPACE-DEV (SPACE FOR DEVEL.)
GEOLOCATION;UMR ESPACE-DEV (SPACE FOR DEVEL.)
GEOHISTORY;UMR ESPACE-DEV (SPACE FOR DEVEL.)
GEOGRAPHY (SOCIAL);UMR ESPACE-DEV (SPACE FOR DEVEL.)
GEOGRAPHY (ISLAND);UMR ESPACE-DEV (SPACE FOR DEVEL.)
GEOGRAPHY (HEALTH);UMR ESPACE-DEV (SPACE FOR DEVEL.)
GEOGRAPHY (HEALTH);UMR ESPACE-DEV (SPACE FOR DEVEL.)
GEOGRAPHIC INFORMATION SCIENCE;UMR ESPACE-DEV (SPACE FOR DEVEL.)
GEOGRAPHIC INFORMATION SCIENCE;UMR ESPACE-DEV (SPACE FOR DEVEL.)
GEOGRAPHIC INFORMATION SCIENCE;UMR ESPACE-DEV (SPACE FOR DEVEL.)
GENDER;UMR ESPACE-DEV (SPACE FOR DEVEL.)
GBIF (GLOBAL BIODIV. INFORM. FACILITY);UMR ESPACE-DEV (SPACE FOR DEVEL.)
FRENCH GUIANA;UMR ESPACE-DEV (SPACE FOR DEVEL.)
FRENCH GUIANA;UMR ESPACE-DEV (SPACE FOR DEVEL.)
FRENCH GUIANA;UMR ESPACE-DEV (SPACE FOR DEVEL.)
FRAGMENTATION;UMR ESPACE-DEV (SPACE FOR DEVEL.)
FOREST DYNAMICS;UMR ESPACE-DEV (SPACE FOR DEVEL.)
FORECASTING;UMR ESPACE-DEV (SPACE FOR DEVEL.)
FORECASTING;UMR ESPACE-DEV (SPACE FOR DEVEL.)
FORECASTING;UMR ESPACE-DEV (SPACE FOR DEVEL.)
FLOODPLAIN;UMR ESPACE-DEV (SPACE FOR DEVEL.)
FLOODPLAIN;UMR ESPACE-DEV (SPACE FOR DEVEL.)
FLOOD (FR: CRUE OU INONDATION);UMR ESPACE-DEV (SPACE FOR DEVEL.)
FLOOD (FR: CRUE OU INONDATION);UMR ESPACE-DEV (SPACE FOR DEVEL.)
FLOOD (FR: CRUE OU INONDATION);UMR ESPACE-DEV (SPACE FOR DEVEL.)
FISHERIES SCIENCE (FR: HALIEUTIQUE);UMR ESPACE-DEV (SPACE FOR DEVEL.)
FISHERIES MANAGEMENT;UMR ESPACE-DEV (SPACE FOR DEVEL.)
FARMING PRACTICE;UMR ESPACE-DEV (SPACE FOR DEVEL.)
FAIR (FIND, ACCESS, INTEROPERATE, REUSE) DATA;UMR ESPACE-DEV (SPACE FOR DEVEL.)
FAIR (FIND, ACCESS, INTEROPERATE, REUSE) DATA;UMR ESPACE-DEV (SPACE FOR DEVEL.)
FAIR (FIND, ACCESS, INTEROPERATE, REUSE) DATA;UMR ESPACE-DEV (SPACE FOR DEVEL.)
FACT CHECKING;UMR ESPACE-DEV (SPACE FOR DEVEL.)
EXTREME VALUE THEORY;UMR ESPACE-DEV (SPACE FOR DEVEL.)
EXTREME EVENT;UMR ESPACE-DEV (SPACE FOR DEVEL.)
EXTREME EVENT;UMR ESPACE-DEV (SPACE FOR DEVEL.)
EXPLAINABLE AI;UMR ESPACE-DEV (SPACE FOR DEVEL.)
EXPERTISE (SCIENTIFIC);UMR ESPACE-DEV (SPACE FOR DEVEL.)
EXPERTISE (SCIENTIFIC);UMR ESPACE-DEV (SPACE FOR DEVEL.)
EXPERTISE (ENGINEERING);UMR ESPACE-DEV (SPACE FOR DEVEL.)
EXPERIMENTAL VALIDATION;UMR ESPACE-DEV (SPACE FOR DEVEL.)
EROSION;UMR ESPACE-DEV (SPACE FOR DEVEL.)
EPIDEMIOLOGY;UMR ESPACE-DEV (SPACE FOR DEVEL.)
EPIDEMIOLOGY;UMR ESPACE-DEV (SPACE FOR DEVEL.)
ENVIRONMENT-SOCIETY RELATIONS;UMR ESPACE-DEV (SPACE FOR DEVEL.)
ENVIRONMENT-SOCIETY RELATIONS;UMR ESPACE-DEV (SPACE FOR DEVEL.)
ENVIRONMENT-SOCIETY RELATIONS;UMR ESPACE-DEV (SPACE FOR DEVEL.)
ENVIRONMENTAL HEALTH;UMR ESPACE-DEV (SPACE FOR DEVEL.)
ENVIRONMENTAL HEALTH;UMR ESPACE-DEV (SPACE FOR DEVEL.)
ENVIRONMENTAL HEALTH;UMR ESPACE-DEV (SPACE FOR DEVEL.)
ENVIRONMENTAL DNA;UMR ESPACE-DEV (SPACE FOR DEVEL.)
ENVIRONMENT (MARINE);UMR ESPACE-DEV (SPACE FOR DEVEL.)
ENVIRONMENT (ISLAND);UMR ESPACE-DEV (SPACE FOR DEVEL.)
ENVIRONMENT;UMR ESPACE-DEV (SPACE FOR DEVEL.)
ENVIRONMENT;UMR ESPACE-DEV (SPACE FOR DEVEL.)
ENVIRONMENT;UMR ESPACE-DEV (SPACE FOR DEVEL.)
ENTITY LINKING (FR: ANNOTATION SÉMANTIQUE);UMR ESPACE-DEV (SPACE FOR DEVEL.)
E-LEARNING;UMR ESPACE-DEV (SPACE FOR DEVEL.)
ECOSYSTEM SERVICE;UMR ESPACE-DEV (SPACE FOR DEVEL.)
ECOSYSTEM (MARINE);UMR ESPACE-DEV (SPACE FOR DEVEL.)
ECOSYSTEM (AQUATIC);UMR ESPACE-DEV (SPACE FOR DEVEL.)
ECOLOGY (MARINE);UMR ESPACE-DEV (SPACE FOR DEVEL.)
ECOLOGY (LANDSCAPE);UMR ESPACE-DEV (SPACE FOR DEVEL.)
ECOLOGY (LANDSCAPE);UMR ESPACE-DEV (SPACE FOR DEVEL.)
EAST AFRICA;UMR ESPACE-DEV (SPACE FOR DEVEL.)
DYNAMICAL SYSTEM;UMR ESPACE-DEV (SPACE FOR DEVEL.)
DROUGHT;UMR ESPACE-DEV (SPACE FOR DEVEL.)
DOWNSCALING (MODELLING);UMR ESPACE-DEV (SPACE FOR DEVEL.)
DOWNSCALING - DISAGGREGATION (STATISTICS);UMR ESPACE-DEV (SPACE FOR DEVEL.)
DISEASE INCIDENCE (EPIDEMIOLOGY);UMR ESPACE-DEV (SPACE FOR DEVEL.)
DISCRETIZATION;UMR ESPACE-DEV (SPACE FOR DEVEL.)
DIMENSIONAL ANALYSIS;UMR ESPACE-DEV (SPACE FOR DEVEL.)
DIGITAL TRANSITION;UMR ESPACE-DEV (SPACE FOR DEVEL.)
DEVELOPMENT (SOFTWARE ARCHITECTURE);UMR ESPACE-DEV (SPACE FOR DEVEL.)
DEVELOPMENT (SOFTWARE ARCHITECTURE);UMR ESPACE-DEV (SPACE FOR DEVEL.)
DESERTIFICATION;UMR ESPACE-DEV (SPACE FOR DEVEL.)
DESERTIFICATION;UMR ESPACE-DEV (SPACE FOR DEVEL.)
DESERTIFICATION;UMR ESPACE-DEV (SPACE FOR DEVEL.)
DENGUE FEVER;UMR ESPACE-DEV (SPACE FOR DEVEL.)
DENGUE FEVER;UMR ESPACE-DEV (SPACE FOR DEVEL.)
DENGUE FEVER;UMR ESPACE-DEV (SPACE FOR DEVEL.)
DEFORESTATION;UMR ESPACE-DEV (SPACE FOR DEVEL.)
DEFORESTATION;UMR ESPACE-DEV (SPACE FOR DEVEL.)
DECISION SUPPORT TOOL;UMR ESPACE-DEV (SPACE FOR DEVEL.)
DECISION SUPPORT TOOL;UMR ESPACE-DEV (SPACE FOR DEVEL.)
DECISION SUPPORT TOOL;UMR ESPACE-DEV (SPACE FOR DEVEL.)
DECISION SUPPORT TOOL;UMR ESPACE-DEV (SPACE FOR DEVEL.)
DECISION SUPPORT TOOL;UMR ESPACE-DEV (SPACE FOR DEVEL.)
DECISION MAKING THEORY;UMR ESPACE-DEV (SPACE FOR DEVEL.)
DATABASE MANAGEMENT SYSTEM (DBMS);UMR ESPACE-DEV (SPACE FOR DEVEL.)
DATABASE MANAGEMENT SYSTEM (DBMS);UMR ESPACE-DEV (SPACE FOR DEVEL.)
DATABASE ENGINEERING;UMR ESPACE-DEV (SPACE FOR DEVEL.)
DATABASE ENGINEERING;UMR ESPACE-DEV (SPACE FOR DEVEL.)
DATA WORKFLOW DEVEL.;UMR ESPACE-DEV (SPACE FOR DEVEL.)
DATA WORKFLOW DEVEL.;UMR ESPACE-DEV (SPACE FOR DEVEL.)
DATA WAREHOUSE;UMR ESPACE-DEV (SPACE FOR DEVEL.)
DATA VISUALIZATION;UMR ESPACE-DEV (SPACE FOR DEVEL.)
DATA SHARING;UMR ESPACE-DEV (SPACE FOR DEVEL.)
DATA SCIENCE;UMR ESPACE-DEV (SPACE FOR DEVEL.)
DATA SCIENCE;UMR ESPACE-DEV (SPACE FOR DEVEL.)
DATA SCIENCE;UMR ESPACE-DEV (SPACE FOR DEVEL.)
DATA SCIENCE;UMR ESPACE-DEV (SPACE FOR DEVEL.)
DATA REANALYSIS;UMR ESPACE-DEV (SPACE FOR DEVEL.)
DATA QUALITY ASSESSMENT;UMR ESPACE-DEV (SPACE FOR DEVEL.)
DATA QUALITY ASSESSMENT;UMR ESPACE-DEV (SPACE FOR DEVEL.)
DATA QUALITY ASSESSMENT;UMR ESPACE-DEV (SPACE FOR DEVEL.)
DATA QUALITY ASSESSMENT;UMR ESPACE-DEV (SPACE FOR DEVEL.)
DATA PROCESSING;UMR ESPACE-DEV (SPACE FOR DEVEL.)
DATA PROCESSING;UMR ESPACE-DEV (SPACE FOR DEVEL.)
DATA PROCESSING;UMR ESPACE-DEV (SPACE FOR DEVEL.)
DATA PROCESSING;UMR ESPACE-DEV (SPACE FOR DEVEL.)
DATA PROCESSING;UMR ESPACE-DEV (SPACE FOR DEVEL.)
DATA PROCESSING;UMR ESPACE-DEV (SPACE FOR DEVEL.)
DATA PREPROCESSING;UMR ESPACE-DEV (SPACE FOR DEVEL.)
DATA PREPROCESSING;UMR ESPACE-DEV (SPACE FOR DEVEL.)
DATA POOR CONTEXT;UMR ESPACE-DEV (SPACE FOR DEVEL.)
DATA MINING;UMR ESPACE-DEV (SPACE FOR DEVEL.)
DATA MINING;UMR ESPACE-DEV (SPACE FOR DEVEL.)
DATA MINING;UMR ESPACE-DEV (SPACE FOR DEVEL.)
DATA MANAGEMENT PLAN;UMR ESPACE-DEV (SPACE FOR DEVEL.)
DATA MANAGEMENT;UMR ESPACE-DEV (SPACE FOR DEVEL.)
DATA MANAGEMENT;UMR ESPACE-DEV (SPACE FOR DEVEL.)
DATA MANAGEMENT;UMR ESPACE-DEV (SPACE FOR DEVEL.)
DATA MANAGEMENT;UMR ESPACE-DEV (SPACE FOR DEVEL.)
DATA MANAGEMENT;UMR ESPACE-DEV (SPACE FOR DEVEL.)
DATA INTEROPERABILITY;UMR ESPACE-DEV (SPACE FOR DEVEL.)
DATA INTEROPERABILITY;UMR ESPACE-DEV (SPACE FOR DEVEL.)
DATA INTEROPERABILITY;UMR ESPACE-DEV (SPACE FOR DEVEL.)
DATA INTEROPERABILITY;UMR ESPACE-DEV (SPACE FOR DEVEL.)
DATA INTEGRATION;UMR ESPACE-DEV (SPACE FOR DEVEL.)
DATA INTEGRATION;UMR ESPACE-DEV (SPACE FOR DEVEL.)
DATA INTEGRATION;UMR ESPACE-DEV (SPACE FOR DEVEL.)
DATA INTEGRATION;UMR ESPACE-DEV (SPACE FOR DEVEL.)
DATA INFRASTRUCTURE;UMR ESPACE-DEV (SPACE FOR DEVEL.)
DATA HETEROGENEITY;UMR ESPACE-DEV (SPACE FOR DEVEL.)
DATA HETEROGENEITY;UMR ESPACE-DEV (SPACE FOR DEVEL.)
DATA HETEROGENEITY;UMR ESPACE-DEV (SPACE FOR DEVEL.)
DATA HETEROGENEITY;UMR ESPACE-DEV (SPACE FOR DEVEL.)
DATA GLITCH DETECTION (FR: DÉTECTION D'ANOMALIES);UMR ESPACE-DEV (SPACE FOR DEVEL.)
DATA FUSION;UMR ESPACE-DEV (SPACE FOR DEVEL.)
DATA DRIVEN APPROACH;UMR ESPACE-DEV (SPACE FOR DEVEL.)
DATA DRIVEN APPROACH;UMR ESPACE-DEV (SPACE FOR DEVEL.)
DATA DISSEMINATION;UMR ESPACE-DEV (SPACE FOR DEVEL.)
DATA DISSEMINATION;UMR ESPACE-DEV (SPACE FOR DEVEL.)
DATA DISSEMINATION;UMR ESPACE-DEV (SPACE FOR DEVEL.)
DATA DISSEMINATION;UMR ESPACE-DEV (SPACE FOR DEVEL.)
DATA DISCOVERY;UMR ESPACE-DEV (SPACE FOR DEVEL.)
DATA CURATION;UMR ESPACE-DEV (SPACE FOR DEVEL.)
DATA CURATION;UMR ESPACE-DEV (SPACE FOR DEVEL.)
DATA CONSERVATION;UMR ESPACE-DEV (SPACE FOR DEVEL.)
DATA CONSERVATION;UMR ESPACE-DEV (SPACE FOR DEVEL.)
DATA COLLECTION;UMR ESPACE-DEV (SPACE FOR DEVEL.)
DATA COLLECTION;UMR ESPACE-DEV (SPACE FOR DEVEL.)
DATA COLLECTION;UMR ESPACE-DEV (SPACE FOR DEVEL.)
DATA COLLECTION;UMR ESPACE-DEV (SPACE FOR DEVEL.)
DATA CODING;UMR ESPACE-DEV (SPACE FOR DEVEL.)
DATA CLUSTERING;UMR ESPACE-DEV (SPACE FOR DEVEL.)
DATA CLUSTERING;UMR ESPACE-DEV (SPACE FOR DEVEL.)
DATA CLEANING;UMR ESPACE-DEV (SPACE FOR DEVEL.)
DATA ASSIMILATION;UMR ESPACE-DEV (SPACE FOR DEVEL.)
DATA ASSIMILATION;UMR ESPACE-DEV (SPACE FOR DEVEL.)
DATA ANONYMISATION;UMR ESPACE-DEV (SPACE FOR DEVEL.)
DATA ANALYSIS;UMR ESPACE-DEV (SPACE FOR DEVEL.)
DATA ANALYSIS;UMR ESPACE-DEV (SPACE FOR DEVEL.)
DATA ANALYSIS;UMR ESPACE-DEV (SPACE FOR DEVEL.)
DATA ANALYSIS;UMR ESPACE-DEV (SPACE FOR DEVEL.)
DATA ANALYSIS;UMR ESPACE-DEV (SPACE FOR DEVEL.)
DATA (SENSITIVE);UMR ESPACE-DEV (SPACE FOR DEVEL.)
DATA (SATELLITE);UMR ESPACE-DEV (SPACE FOR DEVEL.)
DATA (SATELLITE);UMR ESPACE-DEV (SPACE FOR DEVEL.)
DATA (SATELLITE);UMR ESPACE-DEV (SPACE FOR DEVEL.)
DATA (SATELLITE);UMR ESPACE-DEV (SPACE FOR DEVEL.)
DATA (SATELLITE);UMR ESPACE-DEV (SPACE FOR DEVEL.)
DATA (SATELLITE);UMR ESPACE-DEV (SPACE FOR DEVEL.)
DATA (SATELLITE);UMR ESPACE-DEV (SPACE FOR DEVEL.)
DATA (QUALITATIVE);UMR ESPACE-DEV (SPACE FOR DEVEL.)
DATA (PERSONAL);UMR ESPACE-DEV (SPACE FOR DEVEL.)
DATA (OPTICAL);UMR ESPACE-DEV (SPACE FOR DEVEL.)
DATA (MULTISOURCE);UMR ESPACE-DEV (SPACE FOR DEVEL.)
DATA (MULTISOURCE);UMR ESPACE-DEV (SPACE FOR DEVEL.)
DATA (MULTISOURCE);UMR ESPACE-DEV (SPACE FOR DEVEL.)
DATA (MULTISOURCE);UMR ESPACE-DEV (SPACE FOR DEVEL.)
DATA (MULTIMODAL);UMR ESPACE-DEV (SPACE FOR DEVEL.)
DATA (MULTIMODAL);UMR ESPACE-DEV (SPACE FOR DEVEL.)
DATA (MULTIMODAL);UMR ESPACE-DEV (SPACE FOR DEVEL.)
DATA (MISSING DATA);UMR ESPACE-DEV (SPACE FOR DEVEL.)
DATA (MISSING DATA);UMR ESPACE-DEV (SPACE FOR DEVEL.)
DATA (HYDROLOGY);UMR ESPACE-DEV (SPACE FOR DEVEL.)
DATA (HYDROLOGY);UMR ESPACE-DEV (SPACE FOR DEVEL.)
DATA (HEALTHCARE);UMR ESPACE-DEV (SPACE FOR DEVEL.)
DATA (HEALTHCARE);UMR ESPACE-DEV (SPACE FOR DEVEL.)
DATA (GEOREFERENCED);UMR ESPACE-DEV (SPACE FOR DEVEL.)
DATA (GEOREFERENCED);UMR ESPACE-DEV (SPACE FOR DEVEL.)
DATA (GEOREFERENCED);UMR ESPACE-DEV (SPACE FOR DEVEL.)
DATA (FISHERIES);UMR ESPACE-DEV (SPACE FOR DEVEL.)
DATA (ENVIRONMENTAL, SOCIO-ECOLOGICAL);UMR ESPACE-DEV (SPACE FOR DEVEL.)
DATA (ENVIRONMENTAL, SOCIO-ECOLOGICAL);UMR ESPACE-DEV (SPACE FOR DEVEL.)
DATA (ENVIRONMENTAL, SOCIO-ECOLOGICAL);UMR ESPACE-DEV (SPACE FOR DEVEL.)
DATA (ENVIRONMENTAL, SOCIO-ECOLOGICAL);UMR ESPACE-DEV (SPACE FOR DEVEL.)
DATA (DEMOGRAPHY);UMR ESPACE-DEV (SPACE FOR DEVEL.)
DATA (ACOUSTICS);UMR ESPACE-DEV (SPACE FOR DEVEL.)
DAM (HYDROLOGY);UMR ESPACE-DEV (SPACE FOR DEVEL.)
CYBERSECURITY;UMR ESPACE-DEV (SPACE FOR DEVEL.)
CROWDSOURCING;UMR ESPACE-DEV (SPACE FOR DEVEL.)
CROSS-BORDER APPROACH;UMR ESPACE-DEV (SPACE FOR DEVEL.)
CORAL REEF;UMR ESPACE-DEV (SPACE FOR DEVEL.)
CONTROL AND PREVENTION STRATEGY;UMR ESPACE-DEV (SPACE FOR DEVEL.)
CONSTRAINT PROGRAMMING;UMR ESPACE-DEV (SPACE FOR DEVEL.)
CONSERVATION PLANNING;UMR ESPACE-DEV (SPACE FOR DEVEL.)
CONSERVATION PLANNING;UMR ESPACE-DEV (SPACE FOR DEVEL.)
CONSERVATION BIOLOGY;UMR ESPACE-DEV (SPACE FOR DEVEL.)
COMPUTER SCIENCE;UMR ESPACE-DEV (SPACE FOR DEVEL.)
COMPUTER SCIENCE;UMR ESPACE-DEV (SPACE FOR DEVEL.)
COMPUTER SCIENCE;UMR ESPACE-DEV (SPACE FOR DEVEL.)
COMPUTATIONAL SUSTAINABILITY;UMR ESPACE-DEV (SPACE FOR DEVEL.)
COMPUTATIONAL INTELLIGENCE;UMR ESPACE-DEV (SPACE FOR DEVEL.)
COMPLEX SYSTEM;UMR ESPACE-DEV (SPACE FOR DEVEL.)
COMPLEX SYSTEM;UMR ESPACE-DEV (SPACE FOR DEVEL.)
COMPARATIVE APPROACH;UMR ESPACE-DEV (SPACE FOR DEVEL.)
COMPARATIVE APPROACH;UMR ESPACE-DEV (SPACE FOR DEVEL.)
COMOROS;UMR ESPACE-DEV (SPACE FOR DEVEL.)
COLLECTIVE LEARNING;UMR ESPACE-DEV (SPACE FOR DEVEL.)
COLLECTIVE LEARNING;UMR ESPACE-DEV (SPACE FOR DEVEL.)
COLD-WATER CORAL;UMR ESPACE-DEV (SPACE FOR DEVEL.)
COASTAL PROCESSES;UMR ESPACE-DEV (SPACE FOR DEVEL.)
CLINICAL RESEARCH INFORMATICS;UMR ESPACE-DEV (SPACE FOR DEVEL.)
CLIMATOLOGY (HYDRO);UMR ESPACE-DEV (SPACE FOR DEVEL.)
CLIMATOLOGY (HYDRO);UMR ESPACE-DEV (SPACE FOR DEVEL.)
CLIMATOLOGY;UMR ESPACE-DEV (SPACE FOR DEVEL.)
CLIMATIC FORCING;UMR ESPACE-DEV (SPACE FOR DEVEL.)
CLIMATE-SOCIETY INTERACTION;UMR ESPACE-DEV (SPACE FOR DEVEL.)
CLIMATE-SOCIETY INTERACTION;UMR ESPACE-DEV (SPACE FOR DEVEL.)
CLIMATE CHANGE IMPACTS;UMR ESPACE-DEV (SPACE FOR DEVEL.)
CLIMATE CHANGE IMPACTS;UMR ESPACE-DEV (SPACE FOR DEVEL.)
CLIMATE CHANGE IMPACTS;UMR ESPACE-DEV (SPACE FOR DEVEL.)
CLIMATE CHANGE IMPACTS;UMR ESPACE-DEV (SPACE FOR DEVEL.)
CLIMATE CHANGE IMPACTS;UMR ESPACE-DEV (SPACE FOR DEVEL.)
CLIMATE CHANGE IMPACTS;UMR ESPACE-DEV (SPACE FOR DEVEL.)
CLIMATE ADAPTATION;UMR ESPACE-DEV (SPACE FOR DEVEL.)
CLIMATE ADAPTATION;UMR ESPACE-DEV (SPACE FOR DEVEL.)
CLIMATE ADAPTATION;UMR ESPACE-DEV (SPACE FOR DEVEL.)
CLASSIFICATION - TYPOLOGY;UMR ESPACE-DEV (SPACE FOR DEVEL.)
CLASSIFICATION - TYPOLOGY;UMR ESPACE-DEV (SPACE FOR DEVEL.)
CARTOGRAPHY AND MAPPING;UMR ESPACE-DEV (SPACE FOR DEVEL.)
CARTOGRAPHY AND MAPPING;UMR ESPACE-DEV (SPACE FOR DEVEL.)
CARTOGRAPHY AND MAPPING;UMR ESPACE-DEV (SPACE FOR DEVEL.)
CARTOGRAPHY AND MAPPING;UMR ESPACE-DEV (SPACE FOR DEVEL.)
CARTOGRAPHY AND MAPPING;UMR ESPACE-DEV (SPACE FOR DEVEL.)
CARTOGRAPHY AND MAPPING;UMR ESPACE-DEV (SPACE FOR DEVEL.)
CARTOGRAPHY AND MAPPING;UMR ESPACE-DEV (SPACE FOR DEVEL.)
CARBON CYCLE;UMR ESPACE-DEV (SPACE FOR DEVEL.)
CAPACITY BUILDING;UMR ESPACE-DEV (SPACE FOR DEVEL.)
CAMBODIA;UMR ESPACE-DEV (SPACE FOR DEVEL.)
BUSINESS INTELLIGENCE (FR: INFORMATIQUE DÉCISIONNELLE);UMR ESPACE-DEV (SPACE FOR DEVEL.)
BRAZIL;UMR ESPACE-DEV (SPACE FOR DEVEL.)
BRAZIL;UMR ESPACE-DEV (SPACE FOR DEVEL.)
BRAZIL;UMR ESPACE-DEV (SPACE FOR DEVEL.)
BRAZIL;UMR ESPACE-DEV (SPACE FOR DEVEL.)
BRAZIL;UMR ESPACE-DEV (SPACE FOR DEVEL.)
BRAZIL;UMR ESPACE-DEV (SPACE FOR DEVEL.)
BRAZIL;UMR ESPACE-DEV (SPACE FOR DEVEL.)
BOLIVIA;UMR ESPACE-DEV (SPACE FOR DEVEL.)
BOLIVIA;UMR ESPACE-DEV (SPACE FOR DEVEL.)
BISSAU GUINEA;UMR ESPACE-DEV (SPACE FOR DEVEL.)
BIOSTATISTICS;UMR ESPACE-DEV (SPACE FOR DEVEL.)
BIOINFORMATICS;UMR ESPACE-DEV (SPACE FOR DEVEL.)
BIOGEOCHEMISTRY;UMR ESPACE-DEV (SPACE FOR DEVEL.)
BIODIVERSITY (MARINE);UMR ESPACE-DEV (SPACE FOR DEVEL.)
BIODIVERSITY (MARINE);UMR ESPACE-DEV (SPACE FOR DEVEL.)
BIODIVERSITY (ISLAND);UMR ESPACE-DEV (SPACE FOR DEVEL.)
BIODIVERSITY (ISLAND);UMR ESPACE-DEV (SPACE FOR DEVEL.)
BIODIVERSITY (HOTSPOT);UMR ESPACE-DEV (SPACE FOR DEVEL.)
BIODIVERSITY (FUNCTIONAL);UMR ESPACE-DEV (SPACE FOR DEVEL.)
BIODIVERSITY (CONSERVATION);UMR ESPACE-DEV (SPACE FOR DEVEL.)
BIODIVERSITY (CONSERVATION);UMR ESPACE-DEV (SPACE FOR DEVEL.)
BIODIVERSITY (ANTHROPOGENIC INFLUENCE);UMR ESPACE-DEV (SPACE FOR DEVEL.)
BIODIVERSITY;UMR ESPACE-DEV (SPACE FOR DEVEL.)
BIODIVERSITY;UMR ESPACE-DEV (SPACE FOR DEVEL.)
BIODIVERSITY;UMR ESPACE-DEV (SPACE FOR DEVEL.)
BIODIVERSITY;UMR ESPACE-DEV (SPACE FOR DEVEL.)
BIG DATA;UMR ESPACE-DEV (SPACE FOR DEVEL.)
BIG DATA;UMR ESPACE-DEV (SPACE FOR DEVEL.)
BIG DATA;UMR ESPACE-DEV (SPACE FOR DEVEL.)
BIG DATA;UMR ESPACE-DEV (SPACE FOR DEVEL.)
BENIN;UMR ESPACE-DEV (SPACE FOR DEVEL.)
AUTOMATIC LEARNING;UMR ESPACE-DEV (SPACE FOR DEVEL.)
ARTISANAL FISHERY;UMR ESPACE-DEV (SPACE FOR DEVEL.)
ARTIFICIAL NEURAL NETWORK;UMR ESPACE-DEV (SPACE FOR DEVEL.)
ARTIFICIAL INTELLIGENCE;UMR ESPACE-DEV (SPACE FOR DEVEL.)
ARID OR SEMI-ARID ZONE;UMR ESPACE-DEV (SPACE FOR DEVEL.)
ARID OR SEMI-ARID ZONE;UMR ESPACE-DEV (SPACE FOR DEVEL.)
ARID OR SEMI-ARID ZONE;UMR ESPACE-DEV (SPACE FOR DEVEL.)
ARCHIPELAGO;UMR ESPACE-DEV (SPACE FOR DEVEL.)
ANTHROPOGENIC IMPACT;UMR ESPACE-DEV (SPACE FOR DEVEL.)
ANTHROPOGENIC IMPACT;UMR ESPACE-DEV (SPACE FOR DEVEL.)
ANTHROPOCENE (EPOCH);UMR ESPACE-DEV (SPACE FOR DEVEL.)
ANDEAN PLATEAU;UMR ESPACE-DEV (SPACE FOR DEVEL.)
AMAZON RIVER;UMR ESPACE-DEV (SPACE FOR DEVEL.)
AMAZON PLAIN;UMR ESPACE-DEV (SPACE FOR DEVEL.)
AMAZON PLAIN;UMR ESPACE-DEV (SPACE FOR DEVEL.)
AMAZON FOREST;UMR ESPACE-DEV (SPACE FOR DEVEL.)
ALTIPLANO (BOLIVIA);UMR ESPACE-DEV (SPACE FOR DEVEL.)
ALTIPLANO (BOLIVIA);UMR ESPACE-DEV (SPACE FOR DEVEL.)
ALTIPLANO (BOLIVIA);UMR ESPACE-DEV (SPACE FOR DEVEL.)
ALGORITHMICS;UMR ESPACE-DEV (SPACE FOR DEVEL.)
ALGORITHMICS;UMR ESPACE-DEV (SPACE FOR DEVEL.)
ALGORITHMICS;UMR ESPACE-DEV (SPACE FOR DEVEL.)
AGRO-SYSTEM;UMR ESPACE-DEV (SPACE FOR DEVEL.)
AGRONOMY;UMR ESPACE-DEV (SPACE FOR DEVEL.)
AGRO-FORESTRY;UMR ESPACE-DEV (SPACE FOR DEVEL.)
AGRO-ECOLOGY;UMR ESPACE-DEV (SPACE FOR DEVEL.)
AGRO-ECOLOGY;UMR ESPACE-DEV (SPACE FOR DEVEL.)
AGGREGATION (SPATIAL);UMR ESPACE-DEV (SPACE FOR DEVEL.)
AFRICA;UMR ESPACE-DEV (SPACE FOR DEVEL.)
ADAPTIVE MANAGEMENT;UMR ESPACE-DEV (SPACE FOR DEVEL.)
ADAPTIVE MANAGEMENT;UMR ESPACE-DEV (SPACE FOR DEVEL.)
ABSTRACTION;UMR ESPACE-DEV (SPACE FOR DEVEL.)
[[[ TC ]]];UMR ESPACE-DEV (SPACE FOR DEVEL.)
[[[ RH2 ]]];UMR ESPACE-DEV (SPACE FOR DEVEL.)
[[[ RD2 ]]];UMR ESPACE-DEV (SPACE FOR DEVEL.)
[[[ ND ]]];UMR ESPACE-DEV (SPACE FOR DEVEL.)
[[[ MPB ]]];UMR ESPACE-DEV (SPACE FOR DEVEL.)
[[[ ML2 ]]];UMR ESPACE-DEV (SPACE FOR DEVEL.)
[[[ LBE ]]];UMR ESPACE-DEV (SPACE FOR DEVEL.)
[[[ JCD ]]];UMR ESPACE-DEV (SPACE FOR DEVEL.)
[[[ FS1 ]]];UMR ESPACE-DEV (SPACE FOR DEVEL.)
[[[ ER ]]];UMR ESPACE-DEV (SPACE FOR DEVEL.)
[[[ CD - ]]];UMR ESPACE-DEV (SPACE FOR DEVEL.)
